-- Referencia geográfica derivada de db/datosgeograficos.sql (Tribunal Electoral / catálogo TE)
-- Generado por scripts/generate-geo-reference-postgres.js — no editar a mano
-- Provincias: 13 | Distritos: 82 | Corregimientos: 682
-- Duplicados omitidos del origen: 5 | Claves reasignadas: 1

BEGIN;

DROP TABLE IF EXISTS ref_corregimientos CASCADE;
DROP TABLE IF EXISTS ref_distritos CASCADE;
DROP TABLE IF EXISTS ref_provincias CASCADE;

CREATE TABLE ref_provincias (
  id              INTEGER PRIMARY KEY,
  cod_prov        VARCHAR(2) NOT NULL UNIQUE,
  nombre          TEXT NOT NULL
);

CREATE TABLE ref_distritos (
  id              INTEGER PRIMARY KEY,
  cod_prov        VARCHAR(2) NOT NULL REFERENCES ref_provincias (cod_prov),
  provincia       TEXT NOT NULL,
  cod_distrito    VARCHAR(2) NOT NULL,
  nombre          TEXT NOT NULL,
  cod_prov_dist   VARCHAR(4) NOT NULL UNIQUE,
  id_provincia    INTEGER NOT NULL REFERENCES ref_provincias (id),
  UNIQUE (cod_prov, cod_distrito)
);

CREATE TABLE ref_corregimientos (
  id                  INTEGER PRIMARY KEY,
  cod_prov            VARCHAR(2) NOT NULL,
  provincia           TEXT NOT NULL,
  cod_distrito        VARCHAR(2) NOT NULL,
  cod_prov_dist       VARCHAR(4) NOT NULL REFERENCES ref_distritos (cod_prov_dist),
  distrito            TEXT NOT NULL,
  cod_corr            VARCHAR(2) NOT NULL,
  cod_prov_dist_corr  VARCHAR(6) NOT NULL UNIQUE,
  nombre              TEXT NOT NULL,
  id_provincia        INTEGER NOT NULL REFERENCES ref_provincias (id),
  id_distrito         INTEGER NOT NULL REFERENCES ref_distritos (id),
  regional            TEXT NOT NULL
);

INSERT INTO ref_provincias (id, cod_prov, nombre) VALUES
  (1, '01', 'Bocas del Toro'),
  (2, '02', 'Coclé'),
  (3, '03', 'Colón'),
  (4, '04', 'Chiriquí'),
  (5, '05', 'Darién'),
  (6, '06', 'Herrera'),
  (7, '07', 'Los Santos'),
  (8, '08', 'Panamá'),
  (9, '09', 'Veraguas'),
  (10, '10', 'Comarca Guna Yala'),
  (11, '11', 'Comarca Emberá - Wounaan'),
  (12, '12', 'Comarca Ngäbe - Buglé'),
  (13, '13', 'Panamá Oeste');

INSERT INTO ref_distritos (id, cod_prov, provincia, cod_distrito, nombre, cod_prov_dist, id_provincia) VALUES
  (1, '01', 'BOCAS DEL TORO', '01', 'Bocas del Toro', '0101', 1),
  (2, '01', 'BOCAS DEL TORO', '02', 'Changuinola', '0102', 1),
  (3, '01', 'BOCAS DEL TORO', '03', 'Chiriquí Grande', '0103', 1),
  (4, '01', 'BOCAS DEL TORO', '04', 'Almirante', '0104', 1),
  (5, '02', 'COCLÉ', '01', 'Aguadulce', '0201', 2),
  (6, '02', 'COCLÉ', '02', 'Antón', '0202', 2),
  (7, '02', 'COCLÉ', '03', 'La Pintada', '0203', 2),
  (8, '02', 'COCLÉ', '04', 'Natá', '0204', 2),
  (9, '02', 'COCLÉ', '05', 'Olá', '0205', 2),
  (10, '02', 'COCLÉ', '06', 'Penonomé', '0206', 2),
  (11, '03', 'COLÓN', '01', 'Colón', '0301', 3),
  (12, '03', 'COLÓN', '02', 'Chagres', '0302', 3),
  (13, '03', 'COLÓN', '03', 'Donoso', '0303', 3),
  (14, '03', 'COLÓN', '04', 'Portobelo', '0304', 3),
  (15, '03', 'COLÓN', '05', 'Santa Isabel', '0305', 3),
  (16, '03', 'COLÓN', '06', 'Omar Torrijos Herrera', '0306', 3),
  (17, '04', 'CHIRIQUÍ', '01', 'Alanje', '0401', 4),
  (18, '04', 'CHIRIQUÍ', '02', 'Barú', '0402', 4),
  (19, '04', 'CHIRIQUÍ', '03', 'Boquerón', '0403', 4),
  (20, '04', 'CHIRIQUÍ', '04', 'Boquete', '0404', 4),
  (21, '04', 'CHIRIQUÍ', '05', 'Bugaba', '0405', 4),
  (22, '04', 'CHIRIQUÍ', '06', 'David', '0406', 4),
  (23, '04', 'CHIRIQUÍ', '07', 'Dolega', '0407', 4),
  (24, '04', 'CHIRIQUÍ', '08', 'Gualaca', '0408', 4),
  (25, '04', 'CHIRIQUÍ', '09', 'Remedios', '0409', 4),
  (26, '04', 'CHIRIQUÍ', '10', 'Renacimiento', '0410', 4),
  (27, '04', 'CHIRIQUÍ', '11', 'San Felix', '0411', 4),
  (28, '04', 'CHIRIQUÍ', '12', 'San Lorenzo', '0412', 4),
  (29, '04', 'CHIRIQUÍ', '13', 'Tolé', '0413', 4),
  (30, '04', 'CHIRIQUÍ', '14', 'Tierras Altas', '0414', 4),
  (31, '05', 'DARIÉN', '01', 'Chepigana', '0501', 5),
  (32, '05', 'DARIÉN', '02', 'Pinogana', '0502', 5),
  (33, '05', 'DARIÉN', '03', 'Santa Fe ', '0503', 5),
  (34, '06', 'HERRERA', '01', 'Chitré', '0601', 6),
  (35, '06', 'HERRERA', '02', 'Las Minas', '0602', 6),
  (36, '06', 'HERRERA', '03', 'Los Pozos', '0603', 6),
  (37, '06', 'HERRERA', '04', 'Ocú', '0604', 6),
  (38, '06', 'HERRERA', '05', 'Parita', '0605', 6),
  (39, '06', 'HERRERA', '06', 'Pesé', '0606', 6),
  (40, '06', 'HERRERA', '07', 'Santa María', '0607', 6),
  (41, '07', 'LOS SANTOS', '01', 'Guararé', '0701', 7),
  (42, '07', 'LOS SANTOS', '02', 'Las Tablas', '0702', 7),
  (43, '07', 'LOS SANTOS', '03', 'Los Santos', '0703', 7),
  (44, '07', 'LOS SANTOS', '04', 'Macaracas', '0704', 7),
  (45, '07', 'LOS SANTOS', '05', 'Pedasí', '0705', 7),
  (46, '07', 'LOS SANTOS', '06', 'Pocrí', '0706', 7),
  (47, '07', 'LOS SANTOS', '07', 'Tonosí', '0707', 7),
  (48, '08', 'PANAMÁ', '02', 'Balboa', '0802', 8),
  (49, '08', 'PANAMÁ', '05', 'Chepo', '0805', 8),
  (50, '08', 'PANAMÁ', '06', 'Chimán', '0806', 8),
  (51, '08', 'PANAMÁ', '08', 'Panamá', '0808', 8),
  (52, '08', 'PANAMÁ', '10', 'San Miguelito', '0810', 8),
  (53, '08', 'PANAMÁ', '11', 'Taboga', '0811', 8),
  (54, '09', 'VERAGUAS', '01', 'Atalaya', '0901', 9),
  (55, '09', 'VERAGUAS', '02', 'Calobre', '0902', 9),
  (56, '09', 'VERAGUAS', '03', 'Cañazas', '0903', 9),
  (57, '09', 'VERAGUAS', '04', 'La Mesa', '0904', 9),
  (58, '09', 'VERAGUAS', '05', 'Las Palmas', '0905', 9),
  (59, '09', 'VERAGUAS', '06', 'Montijo', '0906', 9),
  (60, '09', 'VERAGUAS', '07', 'Río de Jesús', '0907', 9),
  (61, '09', 'VERAGUAS', '08', 'San Francisco', '0908', 9),
  (62, '09', 'VERAGUAS', '09', 'Santa Fe', '0909', 9),
  (63, '09', 'VERAGUAS', '10', 'Santiago', '0910', 9),
  (64, '09', 'VERAGUAS', '11', 'Soná', '0911', 9),
  (65, '09', 'VERAGUAS', '12', 'Mariato', '0912', 9),
  (66, '10', 'COMARCA KUNA YALA', '01', 'COMARCA KUNA YALA', '1001', 10),
  (67, '11', 'COMARCA EMBERÁ', '01', 'Cémaco', '1101', 11),
  (68, '11', 'COMARCA EMBERÁ', '02', 'Sambú', '1102', 11),
  (69, '12', 'COMARCA NGÄBE BUGLÉ', '01', 'Besiko', '1201', 12),
  (70, '12', 'COMARCA NGÄBE BUGLÉ', '02', 'Mironó', '1202', 12),
  (71, '12', 'COMARCA NGÄBE BUGLÉ', '03', 'Müna', '1203', 12),
  (72, '12', 'COMARCA NGÄBE BUGLÉ', '04', 'Nole Duima', '1204', 12),
  (73, '12', 'COMARCA NGÄBE BUGLÉ', '05', 'Ñürüm', '1205', 12),
  (74, '12', 'COMARCA NGÄBE BUGLÉ', '06', 'Kankintú', '1206', 12),
  (75, '12', 'COMARCA NGÄBE BUGLÉ', '07', 'Kusapín', '1207', 12),
  (76, '12', 'COMARCA NGÄBE BUGLÉ', '08', 'Jirondai', '1208', 12),
  (77, '12', 'COMARCA NGÄBE BUGLÉ', '09', 'Santa Catalina o Calovébora ', '1209', 12),
  (78, '13', 'PANAMÁ OESTE', '01', 'Arraiján', '1301', 13),
  (79, '13', 'PANAMÁ OESTE', '03', 'Capira', '1303', 13),
  (80, '13', 'PANAMÁ OESTE', '04', 'Chame', '1304', 13),
  (81, '13', 'PANAMÁ OESTE', '07', 'La Chorrera', '1307', 13),
  (82, '13', 'PANAMÁ OESTE', '09', 'San Carlos', '1309', 13);

INSERT INTO ref_corregimientos (
  id, cod_prov, provincia, cod_distrito, cod_prov_dist, distrito,
  cod_corr, cod_prov_dist_corr, nombre, id_provincia, id_distrito, regional
) VALUES
  (1, '01', 'BOCAS DEL TORO', '01', '0101', 'Bocas del Toro', '01', '010101', 'Bocas del Toro (Cabecera)', 1, 1, 'BOCAS DEL TORO'),
  (2, '01', 'BOCAS DEL TORO', '01', '0101', 'Bocas del Toro', '02', '010102', 'Bastimentos', 1, 1, 'BOCAS DEL TORO'),
  (3, '01', 'BOCAS DEL TORO', '01', '0101', 'Bocas del Toro', '03', '010103', 'Cauchero', 1, 1, 'BOCAS DEL TORO'),
  (4, '01', 'BOCAS DEL TORO', '01', '0101', 'Bocas del Toro', '04', '010104', 'Punta Laurel', 1, 1, 'BOCAS DEL TORO'),
  (5, '01', 'BOCAS DEL TORO', '01', '0101', 'Bocas del Toro', '05', '010105', 'Tierra Oscura', 1, 1, 'BOCAS DEL TORO'),
  (6, '01', 'BOCAS DEL TORO', '02', '0102', 'Changuinola', '01', '010201', 'Changuinola  (Cabecera)', 1, 2, 'BOCAS DEL TORO'),
  (7, '01', 'BOCAS DEL TORO', '02', '0102', 'Changuinola', '03', '010203', 'Guabito', 1, 2, 'BOCAS DEL TORO'),
  (8, '01', 'BOCAS DEL TORO', '02', '0102', 'Changuinola', '04', '010204', 'El Teribe', 1, 2, 'BOCAS DEL TORO'),
  (9, '01', 'BOCAS DEL TORO', '02', '0102', 'Changuinola', '06', '010206', 'El Empalme', 1, 2, 'BOCAS DEL TORO'),
  (10, '01', 'BOCAS DEL TORO', '02', '0102', 'Changuinola', '07', '010207', 'Las Tablas', 1, 2, 'BOCAS DEL TORO'),
  (11, '01', 'BOCAS DEL TORO', '02', '0102', 'Changuinola', '08', '010208', 'Cochigró', 1, 2, 'BOCAS DEL TORO'),
  (12, '01', 'BOCAS DEL TORO', '02', '0102', 'Changuinola', '09', '010209', 'La Gloria', 1, 2, 'BOCAS DEL TORO'),
  (13, '01', 'BOCAS DEL TORO', '02', '0102', 'Changuinola', '10', '010210', 'Las Delicias', 1, 2, 'BOCAS DEL TORO'),
  (14, '01', 'BOCAS DEL TORO', '02', '0102', 'Changuinola', '13', '010213', 'Barriada 4 de Abril', 1, 2, 'BOCAS DEL TORO'),
  (15, '01', 'BOCAS DEL TORO', '02', '0102', 'Changuinola', '14', '010214', 'El Silencio', 1, 2, 'BOCAS DEL TORO'),
  (16, '01', 'BOCAS DEL TORO', '02', '0102', 'Changuinola', '15', '010215', 'Finca 6', 1, 2, 'BOCAS DEL TORO'),
  (17, '01', 'BOCAS DEL TORO', '02', '0102', 'Changuinola', '16', '010216', 'Finca 30', 1, 2, 'BOCAS DEL TORO'),
  (18, '01', 'BOCAS DEL TORO', '02', '0102', 'Changuinola', '17', '010217', 'Finca 60', 1, 2, 'BOCAS DEL TORO'),
  (19, '01', 'BOCAS DEL TORO', '03', '0103', 'Chiriquí Grande', '01', '010301', 'Chiriquí Grande (Cabecera)', 1, 3, 'BOCAS DEL TORO'),
  (20, '01', 'BOCAS DEL TORO', '03', '0103', 'Chiriquí Grande', '02', '010302', 'Miramar', 1, 3, 'BOCAS DEL TORO'),
  (21, '01', 'BOCAS DEL TORO', '03', '0103', 'Chiriquí Grande', '03', '010303', 'Punta Peña', 1, 3, 'BOCAS DEL TORO'),
  (22, '01', 'BOCAS DEL TORO', '03', '0103', 'Chiriquí Grande', '04', '010304', 'Punta Robalo', 1, 3, 'BOCAS DEL TORO'),
  (23, '01', 'BOCAS DEL TORO', '03', '0103', 'Chiriquí Grande', '05', '010305', 'Rambala', 1, 3, 'BOCAS DEL TORO'),
  (24, '01', 'BOCAS DEL TORO', '03', '0103', 'Chiriquí Grande', '06', '010306', 'Bajo Cedro', 1, 3, 'BOCAS DEL TORO'),
  (25, '01', 'BOCAS DEL TORO', '04', '0104', 'Almirante', '01', '010401', 'Almirante  (Cabecera)', 1, 4, 'BOCAS DEL TORO'),
  (26, '01', 'BOCAS DEL TORO', '04', '0104', 'Almirante', '02', '010402', 'Barrio Francés', 1, 4, 'BOCAS DEL TORO'),
  (27, '01', 'BOCAS DEL TORO', '04', '0104', 'Almirante', '03', '010403', 'Barriada Guaymí', 1, 4, 'BOCAS DEL TORO'),
  (28, '01', 'BOCAS DEL TORO', '04', '0104', 'Almirante', '04', '010404', 'Nance de Risco', 1, 4, 'BOCAS DEL TORO'),
  (29, '01', 'BOCAS DEL TORO', '04', '0104', 'Almirante', '05', '010405', 'Valle de Agua Arriba', 1, 4, 'BOCAS DEL TORO'),
  (30, '01', 'BOCAS DEL TORO', '04', '0104', 'Almirante', '06', '010406', 'Valle del Risco', 1, 4, 'BOCAS DEL TORO'),
  (31, '02', 'COCLÉ', '01', '0201', 'Aguadulce', '01', '020101', 'Aguadulce (Cabecera)', 2, 5, 'COCLÉ'),
  (32, '02', 'COCLÉ', '01', '0201', 'Aguadulce', '02', '020102', 'El Cristo', 2, 5, 'COCLÉ'),
  (33, '02', 'COCLÉ', '01', '0201', 'Aguadulce', '03', '020103', 'El Roble', 2, 5, 'COCLÉ'),
  (34, '02', 'COCLÉ', '01', '0201', 'Aguadulce', '04', '020104', 'Pocrí', 2, 5, 'COCLÉ'),
  (35, '02', 'COCLÉ', '01', '0201', 'Aguadulce', '05', '020105', 'Barrios Unidos', 2, 5, 'COCLÉ'),
  (36, '02', 'COCLÉ', '01', '0201', 'Aguadulce', '06', '020106', 'Pueblos Unidos', 2, 5, 'COCLÉ'),
  (37, '02', 'COCLÉ', '01', '0201', 'Aguadulce', '07', '020107', 'Virgen del Carmen ', 2, 5, 'COCLÉ'),
  (38, '02', 'COCLÉ', '01', '0201', 'Aguadulce', '08', '020108', 'El Hato de San Juan de Dios ', 2, 5, 'COCLÉ'),
  (39, '02', 'COCLÉ', '02', '0202', 'Antón', '01', '020201', 'Antón  (Cabecera)', 2, 6, 'COCLÉ'),
  (40, '02', 'COCLÉ', '02', '0202', 'Antón', '02', '020202', 'Cabuya', 2, 6, 'COCLÉ'),
  (41, '02', 'COCLÉ', '02', '0202', 'Antón', '03', '020203', 'El Chirú', 2, 6, 'COCLÉ'),
  (42, '02', 'COCLÉ', '02', '0202', 'Antón', '04', '020204', 'El Retiro', 2, 6, 'COCLÉ'),
  (43, '02', 'COCLÉ', '02', '0202', 'Antón', '05', '020205', 'El Valle', 2, 6, 'COCLÉ'),
  (44, '02', 'COCLÉ', '02', '0202', 'Antón', '06', '020206', 'Juan Díaz', 2, 6, 'COCLÉ'),
  (45, '02', 'COCLÉ', '02', '0202', 'Antón', '07', '020207', 'Río Hato', 2, 6, 'COCLÉ'),
  (46, '02', 'COCLÉ', '02', '0202', 'Antón', '08', '020208', 'San Juan de Dios', 2, 6, 'COCLÉ'),
  (47, '02', 'COCLÉ', '02', '0202', 'Antón', '09', '020209', 'Santa Rita', 2, 6, 'COCLÉ'),
  (48, '02', 'COCLÉ', '02', '0202', 'Antón', '10', '020210', 'Caballero', 2, 6, 'COCLÉ'),
  (49, '02', 'COCLÉ', '03', '0203', 'La Pintada', '01', '020301', 'La Pintada (Cabecera)', 2, 7, 'COCLÉ'),
  (50, '02', 'COCLÉ', '03', '0203', 'La Pintada', '02', '020302', 'El Harino', 2, 7, 'COCLÉ'),
  (51, '02', 'COCLÉ', '03', '0203', 'La Pintada', '03', '020303', 'El Potrero', 2, 7, 'COCLÉ'),
  (52, '02', 'COCLÉ', '03', '0203', 'La Pintada', '04', '020304', 'Llano Grande', 2, 7, 'COCLÉ'),
  (53, '02', 'COCLÉ', '03', '0203', 'La Pintada', '05', '020305', 'Piedras Gordas', 2, 7, 'COCLÉ'),
  (54, '02', 'COCLÉ', '03', '0203', 'La Pintada', '06', '020306', 'Las Lomas', 2, 7, 'COCLÉ'),
  (55, '02', 'COCLÉ', '03', '0203', 'La Pintada', '07', '020307', 'Llano Norte', 2, 7, 'COCLÉ'),
  (56, '02', 'COCLÉ', '04', '0204', 'Natá', '01', '020401', 'Natá (Cabecera)', 2, 8, 'COCLÉ'),
  (57, '02', 'COCLÉ', '04', '0204', 'Natá', '02', '020402', 'Capellanía', 2, 8, 'COCLÉ'),
  (58, '02', 'COCLÉ', '04', '0204', 'Natá', '03', '020403', 'El Caño', 2, 8, 'COCLÉ'),
  (59, '02', 'COCLÉ', '04', '0204', 'Natá', '04', '020404', 'Guzmán', 2, 8, 'COCLÉ'),
  (60, '02', 'COCLÉ', '04', '0204', 'Natá', '05', '020405', 'Las Huacas', 2, 8, 'COCLÉ'),
  (61, '02', 'COCLÉ', '04', '0204', 'Natá', '06', '020406', 'Toza', 2, 8, 'COCLÉ'),
  (62, '02', 'COCLÉ', '04', '0204', 'Natá', '07', '020407', 'Villarreal', 2, 8, 'COCLÉ'),
  (63, '02', 'COCLÉ', '05', '0205', 'Olá', '01', '020501', 'Olá (Cabecera)', 2, 9, 'COCLÉ'),
  (64, '02', 'COCLÉ', '05', '0205', 'Olá', '02', '020502', 'El Copé', 2, 9, 'COCLÉ'),
  (65, '02', 'COCLÉ', '05', '0205', 'Olá', '03', '020503', 'El Palmar', 2, 9, 'COCLÉ'),
  (66, '02', 'COCLÉ', '05', '0205', 'Olá', '04', '020504', 'El Picacho', 2, 9, 'COCLÉ'),
  (67, '02', 'COCLÉ', '05', '0205', 'Olá', '05', '020505', 'La Pava', 2, 9, 'COCLÉ'),
  (68, '02', 'COCLÉ', '06', '0206', 'Penonomé', '01', '020601', 'Penonomé (Cabecera)', 2, 10, 'COCLÉ'),
  (69, '02', 'COCLÉ', '06', '0206', 'Penonomé', '02', '020602', 'Cañaveral', 2, 10, 'COCLÉ'),
  (70, '02', 'COCLÉ', '06', '0206', 'Penonomé', '03', '020603', 'Coclé', 2, 10, 'COCLÉ'),
  (71, '02', 'COCLÉ', '06', '0206', 'Penonomé', '04', '020604', 'Chiguirí Arriba', 2, 10, 'COCLÉ'),
  (72, '02', 'COCLÉ', '06', '0206', 'Penonomé', '05', '020605', 'El Coco', 2, 10, 'COCLÉ'),
  (73, '02', 'COCLÉ', '06', '0206', 'Penonomé', '06', '020606', 'Pajonal', 2, 10, 'COCLÉ'),
  (74, '02', 'COCLÉ', '06', '0206', 'Penonomé', '07', '020607', 'Río Grande', 2, 10, 'COCLÉ'),
  (75, '02', 'COCLÉ', '06', '0206', 'Penonomé', '08', '020608', 'Río Indio', 2, 10, 'COCLÉ'),
  (76, '02', 'COCLÉ', '06', '0206', 'Penonomé', '09', '020609', 'Toabré', 2, 10, 'COCLÉ'),
  (77, '02', 'COCLÉ', '06', '0206', 'Penonomé', '10', '020610', 'Tulú', 2, 10, 'COCLÉ'),
  (78, '03', 'COLÓN', '01', '0301', 'Colón', '01', '030101', 'Barrio Norte', 3, 11, 'COLÓN'),
  (79, '03', 'COLÓN', '01', '0301', 'Colón', '02', '030102', 'Barrio Sur', 3, 11, 'COLÓN'),
  (80, '03', 'COLÓN', '01', '0301', 'Colón', '03', '030103', 'Buena Vista', 3, 11, 'COLÓN'),
  (81, '03', 'COLÓN', '01', '0301', 'Colón', '04', '030104', 'Cativá', 3, 11, 'COLÓN'),
  (82, '03', 'COLÓN', '01', '0301', 'Colón', '05', '030105', 'Ciricito', 3, 11, 'COLÓN'),
  (83, '03', 'COLÓN', '01', '0301', 'Colón', '06', '030106', 'Cristóbal', 3, 11, 'COLÓN'),
  (84, '03', 'COLÓN', '01', '0301', 'Colón', '07', '030107', 'Escobal', 3, 11, 'COLÓN'),
  (85, '03', 'COLÓN', '01', '0301', 'Colón', '08', '030108', 'Limón', 3, 11, 'COLÓN'),
  (86, '03', 'COLÓN', '01', '0301', 'Colón', '09', '030109', 'Nueva Providencia', 3, 11, 'COLÓN'),
  (87, '03', 'COLÓN', '01', '0301', 'Colón', '10', '030110', 'Puerto Pilón', 3, 11, 'COLÓN'),
  (88, '03', 'COLÓN', '01', '0301', 'Colón', '11', '030111', 'Sabanitas', 3, 11, 'COLÓN'),
  (89, '03', 'COLÓN', '01', '0301', 'Colón', '12', '030112', 'Salamanca', 3, 11, 'COLÓN'),
  (90, '03', 'COLÓN', '01', '0301', 'Colón', '13', '030113', 'San Juan', 3, 11, 'COLÓN'),
  (91, '03', 'COLÓN', '01', '0301', 'Colón', '14', '030114', 'Santa Rosa', 3, 11, 'COLÓN'),
  (92, '03', 'COLÓN', '01', '0301', 'Colón', '15', '030115', 'Cristóbal Este', 3, 11, 'COLÓN'),
  (93, '03', 'COLÓN', '02', '0302', 'Chagres', '01', '030201', 'Nuevo Chagres (Cabecera)', 3, 12, 'COLÓN'),
  (94, '03', 'COLÓN', '02', '0302', 'Chagres', '02', '030202', 'Achiote', 3, 12, 'COLÓN'),
  (95, '03', 'COLÓN', '02', '0302', 'Chagres', '03', '030203', 'El Guabo', 3, 12, 'COLÓN'),
  (96, '03', 'COLÓN', '02', '0302', 'Chagres', '04', '030204', 'La Encantada', 3, 12, 'COLÓN'),
  (97, '03', 'COLÓN', '02', '0302', 'Chagres', '05', '030205', 'Palmas Bellas', 3, 12, 'COLÓN'),
  (98, '03', 'COLÓN', '02', '0302', 'Chagres', '06', '030206', 'Piña', 3, 12, 'COLÓN'),
  (99, '03', 'COLÓN', '02', '0302', 'Chagres', '07', '030207', 'Salud', 3, 12, 'COLÓN'),
  (100, '03', 'COLÓN', '03', '0303', 'Donoso', '01', '030301', 'Miguel de la Borda (Cabecera)', 3, 13, 'COLÓN'),
  (101, '03', 'COLÓN', '03', '0303', 'Donoso', '02', '030302', 'Coclé del Norte', 3, 13, 'COLÓN'),
  (102, '03', 'COLÓN', '03', '0303', 'Donoso', '03', '030303', 'El Guásimo', 3, 13, 'COLÓN'),
  (103, '03', 'COLÓN', '03', '0303', 'Donoso', '04', '030304', 'Gobea', 3, 13, 'COLÓN'),
  (104, '03', 'COLÓN', '03', '0303', 'Donoso', '05', '030305', 'Río Indio', 3, 13, 'COLÓN'),
  (105, '03', 'COLÓN', '04', '0304', 'Portobelo', '01', '030401', 'Portobelo (Cabecera)', 3, 14, 'COLÓN'),
  (106, '03', 'COLÓN', '04', '0304', 'Portobelo', '02', '030402', 'Cacique', 3, 14, 'COLÓN'),
  (107, '03', 'COLÓN', '04', '0304', 'Portobelo', '03', '030403', 'Puerto Lindo o Garrote', 3, 14, 'COLÓN'),
  (108, '03', 'COLÓN', '04', '0304', 'Portobelo', '04', '030404', 'Isla Grande', 3, 14, 'COLÓN'),
  (109, '03', 'COLÓN', '04', '0304', 'Portobelo', '05', '030405', 'María Chiquita', 3, 14, 'COLÓN'),
  (110, '03', 'COLÓN', '05', '0305', 'Santa Isabel', '01', '030501', 'Palenque (Cabecera)', 3, 15, 'COLÓN'),
  (111, '03', 'COLÓN', '05', '0305', 'Santa Isabel', '02', '030502', 'Cuango', 3, 15, 'COLÓN'),
  (112, '03', 'COLÓN', '05', '0305', 'Santa Isabel', '03', '030503', 'Miramar', 3, 15, 'COLÓN'),
  (113, '03', 'COLÓN', '05', '0305', 'Santa Isabel', '04', '030504', 'Nombre de Dios', 3, 15, 'COLÓN'),
  (114, '03', 'COLÓN', '05', '0305', 'Santa Isabel', '05', '030505', 'Palmira', 3, 15, 'COLÓN'),
  (115, '03', 'COLÓN', '05', '0305', 'Santa Isabel', '06', '030506', 'Playa Chiquita', 3, 15, 'COLÓN'),
  (116, '03', 'COLÓN', '05', '0305', 'Santa Isabel', '07', '030507', 'Santa Isabel', 3, 15, 'COLÓN'),
  (117, '03', 'COLÓN', '05', '0305', 'Santa Isabel', '08', '030508', 'Viento Frío', 3, 15, 'COLÓN'),
  (118, '03', 'COLÓN', '06', '0306', 'Omar Torrijos Herrera', '01', '030601', 'San José del General (Cabecera)', 3, 16, 'COLÓN'),
  (119, '03', 'COLÓN', '06', '0306', 'Omar Torrijos Herrera', '02', '030602', 'Nueva Esperanza', 3, 16, 'COLÓN'),
  (120, '03', 'COLÓN', '06', '0306', 'Omar Torrijos Herrera', '03', '030603', 'San Juan de Turbe', 3, 16, 'COLÓN'),
  (121, '04', 'CHIRIQUÍ', '01', '0401', 'Alanje', '01', '040101', 'Alanje (Cabecera)', 4, 17, 'CHIRIQUÍ'),
  (122, '04', 'CHIRIQUÍ', '01', '0401', 'Alanje', '02', '040102', 'Divalá', 4, 17, 'CHIRIQUÍ'),
  (123, '04', 'CHIRIQUÍ', '01', '0401', 'Alanje', '03', '040103', 'El Tejar', 4, 17, 'CHIRIQUÍ'),
  (124, '04', 'CHIRIQUÍ', '01', '0401', 'Alanje', '04', '040104', 'Guarumal', 4, 17, 'CHIRIQUÍ'),
  (125, '04', 'CHIRIQUÍ', '01', '0401', 'Alanje', '05', '040105', 'Palo Grande', 4, 17, 'CHIRIQUÍ'),
  (126, '04', 'CHIRIQUÍ', '01', '0401', 'Alanje', '06', '040106', 'Querévalo', 4, 17, 'CHIRIQUÍ'),
  (127, '04', 'CHIRIQUÍ', '01', '0401', 'Alanje', '07', '040107', 'Santo Tomás', 4, 17, 'CHIRIQUÍ'),
  (128, '04', 'CHIRIQUÍ', '01', '0401', 'Alanje', '08', '040108', 'Canta Gallo', 4, 17, 'CHIRIQUÍ'),
  (129, '04', 'CHIRIQUÍ', '01', '0401', 'Alanje', '09', '040109', 'Nuevo México', 4, 17, 'CHIRIQUÍ'),
  (130, '04', 'CHIRIQUÍ', '02', '0402', 'Barú', '01', '040201', 'Puerto Armuelles (Cabecera)', 4, 18, 'CHIRIQUÍ'),
  (131, '04', 'CHIRIQUÍ', '02', '0402', 'Barú', '02', '040202', 'Limones', 4, 18, 'CHIRIQUÍ'),
  (132, '04', 'CHIRIQUÍ', '02', '0402', 'Barú', '03', '040203', 'Progreso', 4, 18, 'CHIRIQUÍ'),
  (133, '04', 'CHIRIQUÍ', '02', '0402', 'Barú', '04', '040204', 'Baco', 4, 18, 'CHIRIQUÍ'),
  (134, '04', 'CHIRIQUÍ', '02', '0402', 'Barú', '05', '040205', 'Rodolfo Aguilar Delgado', 4, 18, 'CHIRIQUÍ'),
  (135, '04', 'CHIRIQUÍ', '02', '0402', 'Barú', '06', '040206', 'El Palmar', 4, 18, 'CHIRIQUÍ'),
  (136, '04', 'CHIRIQUÍ', '02', '0402', 'Barú', '07', '040207', 'Manaca', 4, 18, 'CHIRIQUÍ'),
  (137, '04', 'CHIRIQUÍ', '03', '0403', 'Boquerón', '01', '040301', 'Boquerón (Cabecera)', 4, 19, 'CHIRIQUÍ'),
  (138, '04', 'CHIRIQUÍ', '03', '0403', 'Boquerón', '02', '040302', 'Bágala', 4, 19, 'CHIRIQUÍ'),
  (139, '04', 'CHIRIQUÍ', '03', '0403', 'Boquerón', '03', '040303', 'Cordillera', 4, 19, 'CHIRIQUÍ'),
  (140, '04', 'CHIRIQUÍ', '03', '0403', 'Boquerón', '04', '040304', 'Guabal', 4, 19, 'CHIRIQUÍ'),
  (141, '04', 'CHIRIQUÍ', '03', '0403', 'Boquerón', '05', '040305', 'Guayabal', 4, 19, 'CHIRIQUÍ'),
  (142, '04', 'CHIRIQUÍ', '03', '0403', 'Boquerón', '06', '040306', 'Paraíso', 4, 19, 'CHIRIQUÍ'),
  (143, '04', 'CHIRIQUÍ', '03', '0403', 'Boquerón', '07', '040307', 'Pedregal', 4, 19, 'CHIRIQUÍ'),
  (144, '04', 'CHIRIQUÍ', '03', '0403', 'Boquerón', '08', '040308', 'Tijeras', 4, 19, 'CHIRIQUÍ'),
  (145, '04', 'CHIRIQUÍ', '04', '0404', 'Boquete', '01', '040401', 'Bajo Boquete (Cabecera)', 4, 20, 'CHIRIQUÍ'),
  (146, '04', 'CHIRIQUÍ', '04', '0404', 'Boquete', '02', '040402', 'Caldera', 4, 20, 'CHIRIQUÍ'),
  (147, '04', 'CHIRIQUÍ', '04', '0404', 'Boquete', '03', '040403', 'Palmira', 4, 20, 'CHIRIQUÍ'),
  (148, '04', 'CHIRIQUÍ', '04', '0404', 'Boquete', '04', '040404', 'Alto Boquete', 4, 20, 'CHIRIQUÍ'),
  (149, '04', 'CHIRIQUÍ', '04', '0404', 'Boquete', '05', '040405', 'Jaramillo', 4, 20, 'CHIRIQUÍ'),
  (150, '04', 'CHIRIQUÍ', '04', '0404', 'Boquete', '06', '040406', 'Los Naranjos', 4, 20, 'CHIRIQUÍ'),
  (151, '04', 'CHIRIQUÍ', '05', '0405', 'Bugaba', '01', '040501', 'La Concepción (Cabecera)', 4, 21, 'CHIRIQUÍ'),
  (152, '04', 'CHIRIQUÍ', '05', '0405', 'Bugaba', '02', '040502', 'Aserrío de Gariché', 4, 21, 'CHIRIQUÍ'),
  (153, '04', 'CHIRIQUÍ', '05', '0405', 'Bugaba', '03', '040503', 'Bugaba', 4, 21, 'CHIRIQUÍ'),
  (154, '04', 'CHIRIQUÍ', '05', '0405', 'Bugaba', '05', '040505', 'Gómez', 4, 21, 'CHIRIQUÍ'),
  (155, '04', 'CHIRIQUÍ', '05', '0405', 'Bugaba', '06', '040506', 'La Estrella', 4, 21, 'CHIRIQUÍ'),
  (156, '04', 'CHIRIQUÍ', '05', '0405', 'Bugaba', '07', '040507', 'San Andrés', 4, 21, 'CHIRIQUÍ'),
  (157, '04', 'CHIRIQUÍ', '05', '0405', 'Bugaba', '08', '040508', 'Santa Marta', 4, 21, 'CHIRIQUÍ'),
  (158, '04', 'CHIRIQUÍ', '05', '0405', 'Bugaba', '09', '040509', 'Santa Rosa', 4, 21, 'CHIRIQUÍ'),
  (159, '04', 'CHIRIQUÍ', '05', '0405', 'Bugaba', '10', '040510', 'Santo Domingo', 4, 21, 'CHIRIQUÍ'),
  (160, '04', 'CHIRIQUÍ', '05', '0405', 'Bugaba', '11', '040511', 'Sortová', 4, 21, 'CHIRIQUÍ'),
  (161, '04', 'CHIRIQUÍ', '05', '0405', 'Bugaba', '13', '040513', 'El Bongo', 4, 21, 'CHIRIQUÍ'),
  (162, '04', 'CHIRIQUÍ', '05', '0405', 'Bugaba', '14', '040514', 'Solano ', 4, 21, 'CHIRIQUÍ'),
  (163, '04', 'CHIRIQUÍ', '05', '0405', 'Bugaba', '15', '040515', 'San Isidro', 4, 21, 'CHIRIQUÍ'),
  (164, '04', 'CHIRIQUÍ', '06', '0406', 'David', '01', '040601', 'David (Cabecera)', 4, 22, 'CHIRIQUÍ'),
  (165, '04', 'CHIRIQUÍ', '06', '0406', 'David', '02', '040602', 'Bijagual', 4, 22, 'CHIRIQUÍ'),
  (166, '04', 'CHIRIQUÍ', '06', '0406', 'David', '03', '040603', 'Cochea', 4, 22, 'CHIRIQUÍ'),
  (167, '04', 'CHIRIQUÍ', '06', '0406', 'David', '04', '040604', 'Chiriquí', 4, 22, 'CHIRIQUÍ'),
  (168, '04', 'CHIRIQUÍ', '06', '0406', 'David', '05', '040605', 'Guacá', 4, 22, 'CHIRIQUÍ'),
  (169, '04', 'CHIRIQUÍ', '06', '0406', 'David', '06', '040606', 'Las Lomas', 4, 22, 'CHIRIQUÍ'),
  (170, '04', 'CHIRIQUÍ', '06', '0406', 'David', '07', '040607', 'Pedregal', 4, 22, 'CHIRIQUÍ'),
  (171, '04', 'CHIRIQUÍ', '06', '0406', 'David', '08', '040608', 'San Carlos', 4, 22, 'CHIRIQUÍ'),
  (172, '04', 'CHIRIQUÍ', '06', '0406', 'David', '09', '040609', 'San Pablo Nuevo', 4, 22, 'CHIRIQUÍ'),
  (173, '04', 'CHIRIQUÍ', '06', '0406', 'David', '10', '040610', 'San Pablo Viejo', 4, 22, 'CHIRIQUÍ'),
  (174, '04', 'CHIRIQUÍ', '06', '0406', 'David', '11', '040611', 'David Este', 4, 22, 'CHIRIQUÍ'),
  (175, '04', 'CHIRIQUÍ', '06', '0406', 'David', '12', '040612', 'David Sur', 4, 22, 'CHIRIQUÍ'),
  (176, '04', 'CHIRIQUÍ', '07', '0407', 'Dolega', '01', '040701', 'Dolega (Cabecera)', 4, 23, 'CHIRIQUÍ'),
  (177, '04', 'CHIRIQUÍ', '07', '0407', 'Dolega', '02', '040702', 'Dos Ríos', 4, 23, 'CHIRIQUÍ'),
  (178, '04', 'CHIRIQUÍ', '07', '0407', 'Dolega', '03', '040703', 'Los Anastacios', 4, 23, 'CHIRIQUÍ'),
  (179, '04', 'CHIRIQUÍ', '07', '0407', 'Dolega', '04', '040704', 'Potrerillos', 4, 23, 'CHIRIQUÍ'),
  (180, '04', 'CHIRIQUÍ', '07', '0407', 'Dolega', '05', '040705', 'Potrerillos Abajo', 4, 23, 'CHIRIQUÍ'),
  (181, '04', 'CHIRIQUÍ', '07', '0407', 'Dolega', '06', '040706', 'Rovira', 4, 23, 'CHIRIQUÍ'),
  (182, '04', 'CHIRIQUÍ', '07', '0407', 'Dolega', '07', '040707', 'Tinajas', 4, 23, 'CHIRIQUÍ'),
  (183, '04', 'CHIRIQUÍ', '07', '0407', 'Dolega', '08', '040708', 'Los Algarrobos', 4, 23, 'CHIRIQUÍ'),
  (189, '04', 'CHIRIQUÍ', '08', '0408', 'Gualaca', '01', '040801', 'Gualaca (Cabecera)', 4, 24, 'CHIRIQUÍ'),
  (190, '04', 'CHIRIQUÍ', '08', '0408', 'Gualaca', '02', '040802', 'Hornito', 4, 24, 'CHIRIQUÍ'),
  (191, '04', 'CHIRIQUÍ', '08', '0408', 'Gualaca', '03', '040803', 'Los Ángeles', 4, 24, 'CHIRIQUÍ'),
  (192, '04', 'CHIRIQUÍ', '08', '0408', 'Gualaca', '04', '040804', 'Paja de Sombrero', 4, 24, 'CHIRIQUÍ'),
  (193, '04', 'CHIRIQUÍ', '08', '0408', 'Gualaca', '05', '040805', 'Rincón', 4, 24, 'CHIRIQUÍ'),
  (194, '04', 'CHIRIQUÍ', '09', '0409', 'Remedios', '01', '040901', 'Remedios (Cabecera)', 4, 25, 'CHIRIQUÍ'),
  (195, '04', 'CHIRIQUÍ', '09', '0409', 'Remedios', '02', '040902', 'El Nancito', 4, 25, 'CHIRIQUÍ'),
  (196, '04', 'CHIRIQUÍ', '09', '0409', 'Remedios', '03', '040903', 'El Porvenir', 4, 25, 'CHIRIQUÍ'),
  (197, '04', 'CHIRIQUÍ', '09', '0409', 'Remedios', '04', '040904', 'El Puerto', 4, 25, 'CHIRIQUÍ'),
  (198, '04', 'CHIRIQUÍ', '09', '0409', 'Remedios', '05', '040905', 'Santa Lucía', 4, 25, 'CHIRIQUÍ'),
  (199, '04', 'CHIRIQUÍ', '10', '0410', 'Renacimiento', '01', '041001', 'Río Sereno (Cabecera)', 4, 26, 'CHIRIQUÍ'),
  (200, '04', 'CHIRIQUÍ', '10', '0410', 'Renacimiento', '02', '041002', 'Breñon', 4, 26, 'CHIRIQUÍ'),
  (201, '04', 'CHIRIQUÍ', '10', '0410', 'Renacimiento', '03', '041003', 'Cañas Gordas', 4, 26, 'CHIRIQUÍ'),
  (202, '04', 'CHIRIQUÍ', '10', '0410', 'Renacimiento', '04', '041004', 'Monte Lirio', 4, 26, 'CHIRIQUÍ'),
  (203, '04', 'CHIRIQUÍ', '10', '0410', 'Renacimiento', '05', '041005', 'Plaza Caisán', 4, 26, 'CHIRIQUÍ'),
  (204, '04', 'CHIRIQUÍ', '10', '0410', 'Renacimiento', '06', '041006', 'Santa Cruz', 4, 26, 'CHIRIQUÍ'),
  (205, '04', 'CHIRIQUÍ', '10', '0410', 'Renacimiento', '07', '041007', 'Dominical', 4, 26, 'CHIRIQUÍ'),
  (206, '04', 'CHIRIQUÍ', '10', '0410', 'Renacimiento', '08', '041008', 'Santa Clara', 4, 26, 'CHIRIQUÍ'),
  (207, '04', 'CHIRIQUÍ', '11', '0411', 'San Felix', '01', '041101', 'Las Lajas (Cabecera)', 4, 27, 'CHIRIQUÍ'),
  (208, '04', 'CHIRIQUÍ', '11', '0411', 'San Felix', '02', '041102', 'Juay', 4, 27, 'CHIRIQUÍ'),
  (209, '04', 'CHIRIQUÍ', '11', '0411', 'San Felix', '03', '041103', 'Lajas Adentro', 4, 27, 'CHIRIQUÍ'),
  (210, '04', 'CHIRIQUÍ', '11', '0411', 'San Felix', '04', '041104', 'San Felix', 4, 27, 'CHIRIQUÍ'),
  (211, '04', 'CHIRIQUÍ', '11', '0411', 'San Felix', '05', '041105', 'Santa Cruz', 4, 27, 'CHIRIQUÍ'),
  (212, '04', 'CHIRIQUÍ', '12', '0412', 'San Lorenzo', '01', '041201', 'Horconcitos (Cabecera)', 4, 28, 'CHIRIQUÍ'),
  (213, '04', 'CHIRIQUÍ', '12', '0412', 'San Lorenzo', '02', '041202', 'Boca Chica', 4, 28, 'CHIRIQUÍ'),
  (214, '04', 'CHIRIQUÍ', '12', '0412', 'San Lorenzo', '03', '041203', 'Boca del Monte', 4, 28, 'CHIRIQUÍ'),
  (215, '04', 'CHIRIQUÍ', '12', '0412', 'San Lorenzo', '04', '041204', 'San Juan', 4, 28, 'CHIRIQUÍ'),
  (216, '04', 'CHIRIQUÍ', '12', '0412', 'San Lorenzo', '05', '041205', 'San Lorenzo', 4, 28, 'CHIRIQUÍ'),
  (217, '04', 'CHIRIQUÍ', '13', '0413', 'Tolé', '01', '041301', 'Tolé (Cabecera)', 4, 29, 'CHIRIQUÍ'),
  (218, '04', 'CHIRIQUÍ', '13', '0413', 'Tolé', '02', '041302', 'Bella Vista', 4, 29, 'CHIRIQUÍ'),
  (219, '04', 'CHIRIQUÍ', '13', '0413', 'Tolé', '03', '041303', 'Cerro Viejo', 4, 29, 'CHIRIQUÍ'),
  (220, '04', 'CHIRIQUÍ', '13', '0413', 'Tolé', '04', '041304', 'El Cristo', 4, 29, 'CHIRIQUÍ'),
  (221, '04', 'CHIRIQUÍ', '13', '0413', 'Tolé', '05', '041305', 'Justo Fidel Palacios', 4, 29, 'CHIRIQUÍ'),
  (222, '04', 'CHIRIQUÍ', '13', '0413', 'Tolé', '06', '041306', 'Lajas de Tolé', 4, 29, 'CHIRIQUÍ'),
  (223, '04', 'CHIRIQUÍ', '13', '0413', 'Tolé', '07', '041307', 'Potrero de Caña', 4, 29, 'CHIRIQUÍ'),
  (224, '04', 'CHIRIQUÍ', '13', '0413', 'Tolé', '08', '041308', 'Quebrada de Piedra', 4, 29, 'CHIRIQUÍ'),
  (225, '04', 'CHIRIQUÍ', '13', '0413', 'Tolé', '09', '041309', 'Veladero', 4, 29, 'CHIRIQUÍ'),
  (226, '04', 'CHIRIQUÍ', '14', '0414', 'Tierras Altas', '01', '041401', 'Volcán (Cabecera)', 4, 30, 'CHIRIQUÍ'),
  (227, '04', 'CHIRIQUÍ', '14', '0414', 'Tierras Altas', '02', '041402', 'Cerro Punta', 4, 30, 'CHIRIQUÍ'),
  (228, '04', 'CHIRIQUÍ', '14', '0414', 'Tierras Altas', '03', '041403', 'Cuesta de Piedra', 4, 30, 'CHIRIQUÍ'),
  (229, '04', 'CHIRIQUÍ', '14', '0414', 'Tierras Altas', '04', '041404', 'Nueva California', 4, 30, 'CHIRIQUÍ'),
  (230, '04', 'CHIRIQUÍ', '14', '0414', 'Tierras Altas', '05', '041405', 'Paso Ancho', 4, 30, 'CHIRIQUÍ'),
  (231, '05', 'DARIÉN', '01', '0501', 'Chepigana', '01', '050101', 'La Palma (Cabecera)', 5, 31, 'DARIÉN'),
  (232, '05', 'DARIÉN', '01', '0501', 'Chepigana', '02', '050102', 'Camoganti', 5, 31, 'DARIÉN'),
  (233, '05', 'DARIÉN', '01', '0501', 'Chepigana', '03', '050103', 'Chepigana', 5, 31, 'DARIÉN'),
  (234, '05', 'DARIÉN', '01', '0501', 'Chepigana', '04', '050104', 'Garachiné', 5, 31, 'DARIÉN'),
  (235, '05', 'DARIÉN', '01', '0501', 'Chepigana', '05', '050105', 'Jaqué', 5, 31, 'DARIÉN'),
  (236, '05', 'DARIÉN', '01', '0501', 'Chepigana', '06', '050106', 'Puerto Piña', 5, 31, 'DARIÉN'),
  (237, '05', 'DARIÉN', '01', '0501', 'Chepigana', '09', '050109', 'Sambú', 5, 31, 'DARIÉN'),
  (238, '05', 'DARIÉN', '01', '0501', 'Chepigana', '10', '050110', 'Setegantí', 5, 31, 'DARIÉN'),
  (239, '05', 'DARIÉN', '01', '0501', 'Chepigana', '11', '050111', 'Taimatí', 5, 31, 'DARIÉN'),
  (240, '05', 'DARIÉN', '01', '0501', 'Chepigana', '12', '050112', 'Tucutí', 5, 31, 'DARIÉN'),
  (241, '05', 'DARIÉN', '02', '0502', 'Pinogana', '01', '050201', 'El Real de Santa María (Cabecera)', 5, 32, 'DARIÉN'),
  (242, '05', 'DARIÉN', '02', '0502', 'Pinogana', '02', '050202', 'Boca de Cupé', 5, 32, 'DARIÉN'),
  (243, '05', 'DARIÉN', '02', '0502', 'Pinogana', '03', '050203', 'Paya', 5, 32, 'DARIÉN'),
  (244, '05', 'DARIÉN', '02', '0502', 'Pinogana', '04', '050204', 'Pinogana', 5, 32, 'DARIÉN'),
  (245, '05', 'DARIÉN', '02', '0502', 'Pinogana', '05', '050205', 'Púcuro', 5, 32, 'DARIÉN'),
  (246, '05', 'DARIÉN', '02', '0502', 'Pinogana', '06', '050206', 'Yape', 5, 32, 'DARIÉN'),
  (247, '05', 'DARIÉN', '02', '0502', 'Pinogana', '07', '050207', 'Yaviza', 5, 32, 'DARIÉN'),
  (248, '05', 'DARIÉN', '02', '0502', 'Pinogana', '08', '050208', 'Metetí', 5, 32, 'DARIÉN'),
  (249, '05', 'DARIÉN', '02', '0502', 'Pinogana', '09', '050209', 'Comarca Kuna de Wargandí', 5, 32, 'DARIÉN'),
  (250, '05', 'DARIÉN', '03', '0503', 'Santa Fe ', '07', '050307', 'Río Congo', 5, 33, 'DARIÉN'),
  (251, '05', 'DARIÉN', '03', '0503', 'Santa Fe ', '08', '050308', 'Río Iglesias', 5, 33, 'DARIÉN'),
  (252, '05', 'DARIÉN', '03', '0503', 'Santa Fe ', '13', '050313', 'Agua Fría', 5, 33, 'DARIÉN'),
  (253, '05', 'DARIÉN', '03', '0503', 'Santa Fe ', '14', '050314', 'Cucunatí', 5, 33, 'DARIÉN'),
  (254, '05', 'DARIÉN', '03', '0503', 'Santa Fe ', '15', '050315', 'Río Congo Arriba', 5, 33, 'DARIÉN'),
  (255, '05', 'DARIÉN', '03', '0503', 'Santa Fe ', '16', '050316', 'Santa Fe (Cabecera)', 5, 33, 'DARIÉN'),
  (256, '05', 'DARIÉN', '03', '0503', 'Santa Fe ', '17', '050317', 'Zapallal ', 5, 33, 'DARIÉN'),
  (257, '05', 'DARIÉN', '03', '0503', 'Santa Fe ', '01', '050301', 'Santa María', 5, 33, 'DARIÉN'),
  (258, '06', 'HERRERA', '01', '0601', 'Chitré', '01', '060101', 'Chitré (Cabecera)', 6, 34, 'HERRERA'),
  (259, '06', 'HERRERA', '01', '0601', 'Chitré', '02', '060102', 'La Arena', 6, 34, 'HERRERA'),
  (260, '06', 'HERRERA', '01', '0601', 'Chitré', '03', '060103', 'Monagrillo', 6, 34, 'HERRERA'),
  (261, '06', 'HERRERA', '01', '0601', 'Chitré', '04', '060104', 'Llano Bonito', 6, 34, 'HERRERA'),
  (262, '06', 'HERRERA', '01', '0601', 'Chitré', '05', '060105', 'San Juan Bautista', 6, 34, 'HERRERA'),
  (263, '06', 'HERRERA', '02', '0602', 'Las Minas', '01', '060201', 'Las Minas (Cabecera)', 6, 35, 'HERRERA'),
  (264, '06', 'HERRERA', '02', '0602', 'Las Minas', '02', '060202', 'Chepo', 6, 35, 'HERRERA'),
  (265, '06', 'HERRERA', '02', '0602', 'Las Minas', '03', '060203', 'Chumical', 6, 35, 'HERRERA'),
  (266, '06', 'HERRERA', '02', '0602', 'Las Minas', '04', '060204', 'El Toro', 6, 35, 'HERRERA'),
  (267, '06', 'HERRERA', '02', '0602', 'Las Minas', '05', '060205', 'Leones', 6, 35, 'HERRERA'),
  (268, '06', 'HERRERA', '02', '0602', 'Las Minas', '06', '060206', 'Quebrada del Rosario', 6, 35, 'HERRERA'),
  (269, '06', 'HERRERA', '02', '0602', 'Las Minas', '07', '060207', 'Quebrada El Ciprián', 6, 35, 'HERRERA'),
  (270, '06', 'HERRERA', '03', '0603', 'Los Pozos', '01', '060301', 'Los Pozos (Cabecera)', 6, 36, 'HERRERA'),
  (271, '06', 'HERRERA', '03', '0603', 'Los Pozos', '02', '060302', 'Capurí', 6, 36, 'HERRERA'),
  (272, '06', 'HERRERA', '03', '0603', 'Los Pozos', '03', '060303', 'El Calabacito', 6, 36, 'HERRERA'),
  (273, '06', 'HERRERA', '03', '0603', 'Los Pozos', '04', '060304', 'El Cedro', 6, 36, 'HERRERA'),
  (274, '06', 'HERRERA', '03', '0603', 'Los Pozos', '05', '060305', 'La Arena', 6, 36, 'HERRERA'),
  (275, '06', 'HERRERA', '03', '0603', 'Los Pozos', '06', '060306', 'La Pitaloza', 6, 36, 'HERRERA'),
  (276, '06', 'HERRERA', '03', '0603', 'Los Pozos', '07', '060307', 'Los Cerritos', 6, 36, 'HERRERA'),
  (277, '06', 'HERRERA', '03', '0603', 'Los Pozos', '08', '060308', 'Los Cerros de Paja', 6, 36, 'HERRERA'),
  (278, '06', 'HERRERA', '03', '0603', 'Los Pozos', '09', '060309', 'Las Llanas', 6, 36, 'HERRERA'),
  (279, '06', 'HERRERA', '04', '0604', 'Ocú', '01', '060401', 'Ocú (Cabecera)', 6, 37, 'HERRERA'),
  (280, '06', 'HERRERA', '04', '0604', 'Ocú', '02', '060402', 'Cerro Largo', 6, 37, 'HERRERA'),
  (281, '06', 'HERRERA', '04', '0604', 'Ocú', '03', '060403', 'Los Llanos', 6, 37, 'HERRERA'),
  (282, '06', 'HERRERA', '04', '0604', 'Ocú', '04', '060404', 'Llano Grande', 6, 37, 'HERRERA'),
  (283, '06', 'HERRERA', '04', '0604', 'Ocú', '05', '060405', 'Peñas Chatas', 6, 37, 'HERRERA'),
  (284, '06', 'HERRERA', '04', '0604', 'Ocú', '06', '060406', 'El Tijera', 6, 37, 'HERRERA'),
  (285, '06', 'HERRERA', '04', '0604', 'Ocú', '07', '060407', 'Menchaca', 6, 37, 'HERRERA'),
  (286, '06', 'HERRERA', '04', '0604', 'Ocú', '08', '060408', 'Entradero del Castillo', 6, 37, 'HERRERA'),
  (287, '06', 'HERRERA', '05', '0605', 'Parita', '01', '060501', 'Parita (Cabecera)', 6, 38, 'HERRERA'),
  (288, '06', 'HERRERA', '05', '0605', 'Parita', '02', '060502', 'Cabuya', 6, 38, 'HERRERA'),
  (289, '06', 'HERRERA', '05', '0605', 'Parita', '03', '060503', 'Los Castillos', 6, 38, 'HERRERA'),
  (290, '06', 'HERRERA', '05', '0605', 'Parita', '04', '060504', 'Llano de La Cruz', 6, 38, 'HERRERA'),
  (291, '06', 'HERRERA', '05', '0605', 'Parita', '05', '060505', 'París', 6, 38, 'HERRERA'),
  (292, '06', 'HERRERA', '05', '0605', 'Parita', '06', '060506', 'Portobelillo', 6, 38, 'HERRERA'),
  (293, '06', 'HERRERA', '05', '0605', 'Parita', '07', '060507', 'Potuga', 6, 38, 'HERRERA'),
  (294, '06', 'HERRERA', '06', '0606', 'Pesé', '01', '060601', 'Pesé (Cabecera)', 6, 39, 'HERRERA'),
  (295, '06', 'HERRERA', '06', '0606', 'Pesé', '02', '060602', 'Las Cabras', 6, 39, 'HERRERA'),
  (296, '06', 'HERRERA', '06', '0606', 'Pesé', '03', '060603', 'El Pájaro', 6, 39, 'HERRERA'),
  (297, '06', 'HERRERA', '06', '0606', 'Pesé', '04', '060604', 'El Barrero', 6, 39, 'HERRERA'),
  (298, '06', 'HERRERA', '06', '0606', 'Pesé', '05', '060605', 'El Pedregoso', 6, 39, 'HERRERA'),
  (299, '06', 'HERRERA', '06', '0606', 'Pesé', '06', '060606', 'El Ciruelo', 6, 39, 'HERRERA'),
  (300, '06', 'HERRERA', '06', '0606', 'Pesé', '07', '060607', 'Sabana Grande', 6, 39, 'HERRERA'),
  (301, '06', 'HERRERA', '06', '0606', 'Pesé', '08', '060608', 'Rincón Hondo', 6, 39, 'HERRERA'),
  (302, '06', 'HERRERA', '07', '0607', 'Santa María', '01', '060701', 'Santa María (Cabecera)', 6, 40, 'HERRERA'),
  (303, '06', 'HERRERA', '07', '0607', 'Santa María', '02', '060702', 'Chupampa', 6, 40, 'HERRERA'),
  (304, '06', 'HERRERA', '07', '0607', 'Santa María', '03', '060703', 'El Rincón', 6, 40, 'HERRERA'),
  (305, '06', 'HERRERA', '07', '0607', 'Santa María', '04', '060704', 'El Limón', 6, 40, 'HERRERA'),
  (306, '06', 'HERRERA', '07', '0607', 'Santa María', '05', '060705', 'Los Canelos', 6, 40, 'HERRERA'),
  (307, '07', 'LOS SANTOS', '01', '0701', 'Guararé', '01', '070101', 'Guararé (Cabecera)', 7, 41, 'LOS SANTOS'),
  (308, '07', 'LOS SANTOS', '01', '0701', 'Guararé', '02', '070102', 'El Espinal', 7, 41, 'LOS SANTOS'),
  (309, '07', 'LOS SANTOS', '01', '0701', 'Guararé', '03', '070103', 'El Macano', 7, 41, 'LOS SANTOS'),
  (310, '07', 'LOS SANTOS', '01', '0701', 'Guararé', '04', '070104', 'Guararé Arriba', 7, 41, 'LOS SANTOS'),
  (311, '07', 'LOS SANTOS', '01', '0701', 'Guararé', '05', '070105', 'La Enea', 7, 41, 'LOS SANTOS'),
  (312, '07', 'LOS SANTOS', '01', '0701', 'Guararé', '06', '070106', 'La Pasera', 7, 41, 'LOS SANTOS'),
  (313, '07', 'LOS SANTOS', '01', '0701', 'Guararé', '07', '070107', 'Las Trancas', 7, 41, 'LOS SANTOS'),
  (314, '07', 'LOS SANTOS', '01', '0701', 'Guararé', '08', '070108', 'Llano Abajo', 7, 41, 'LOS SANTOS'),
  (315, '07', 'LOS SANTOS', '01', '0701', 'Guararé', '09', '070109', 'El Hato', 7, 41, 'LOS SANTOS'),
  (316, '07', 'LOS SANTOS', '01', '0701', 'Guararé', '10', '070110', 'Perales', 7, 41, 'LOS SANTOS'),
  (317, '07', 'LOS SANTOS', '02', '0702', 'Las Tablas', '01', '070201', 'Las Tablas (Cabecera)', 7, 42, 'LOS SANTOS'),
  (318, '07', 'LOS SANTOS', '02', '0702', 'Las Tablas', '02', '070202', 'Bajo Corral', 7, 42, 'LOS SANTOS'),
  (319, '07', 'LOS SANTOS', '02', '0702', 'Las Tablas', '03', '070203', 'Bayano', 7, 42, 'LOS SANTOS'),
  (320, '07', 'LOS SANTOS', '02', '0702', 'Las Tablas', '04', '070204', 'El Carate', 7, 42, 'LOS SANTOS'),
  (321, '07', 'LOS SANTOS', '02', '0702', 'Las Tablas', '05', '070205', 'El Cocal', 7, 42, 'LOS SANTOS'),
  (322, '07', 'LOS SANTOS', '02', '0702', 'Las Tablas', '06', '070206', 'El Manantial', 7, 42, 'LOS SANTOS'),
  (323, '07', 'LOS SANTOS', '02', '0702', 'Las Tablas', '07', '070207', 'El Muñoz', 7, 42, 'LOS SANTOS'),
  (324, '07', 'LOS SANTOS', '02', '0702', 'Las Tablas', '08', '070208', 'El Pedregoso', 7, 42, 'LOS SANTOS'),
  (325, '07', 'LOS SANTOS', '02', '0702', 'Las Tablas', '09', '070209', 'La Laja', 7, 42, 'LOS SANTOS'),
  (326, '07', 'LOS SANTOS', '02', '0702', 'Las Tablas', '10', '070210', 'La Miel', 7, 42, 'LOS SANTOS'),
  (327, '07', 'LOS SANTOS', '02', '0702', 'Las Tablas', '11', '070211', 'La Palma', 7, 42, 'LOS SANTOS'),
  (328, '07', 'LOS SANTOS', '02', '0702', 'Las Tablas', '12', '070212', 'La Tiza', 7, 42, 'LOS SANTOS'),
  (329, '07', 'LOS SANTOS', '02', '0702', 'Las Tablas', '13', '070213', 'Las Palmitas', 7, 42, 'LOS SANTOS'),
  (330, '07', 'LOS SANTOS', '02', '0702', 'Las Tablas', '14', '070214', 'Las Tablas Abajo', 7, 42, 'LOS SANTOS'),
  (331, '07', 'LOS SANTOS', '02', '0702', 'Las Tablas', '15', '070215', 'Nuario', 7, 42, 'LOS SANTOS'),
  (332, '07', 'LOS SANTOS', '02', '0702', 'Las Tablas', '16', '070216', 'Palmira', 7, 42, 'LOS SANTOS'),
  (333, '07', 'LOS SANTOS', '02', '0702', 'Las Tablas', '17', '070217', 'Peña Blanca', 7, 42, 'LOS SANTOS'),
  (334, '07', 'LOS SANTOS', '02', '0702', 'Las Tablas', '18', '070218', 'Río Hondo', 7, 42, 'LOS SANTOS'),
  (335, '07', 'LOS SANTOS', '02', '0702', 'Las Tablas', '19', '070219', 'San José', 7, 42, 'LOS SANTOS'),
  (336, '07', 'LOS SANTOS', '02', '0702', 'Las Tablas', '20', '070220', 'San Miguel', 7, 42, 'LOS SANTOS'),
  (337, '07', 'LOS SANTOS', '02', '0702', 'Las Tablas', '21', '070221', 'Santo Domingo', 7, 42, 'LOS SANTOS'),
  (338, '07', 'LOS SANTOS', '02', '0702', 'Las Tablas', '22', '070222', 'Sesteadero', 7, 42, 'LOS SANTOS'),
  (339, '07', 'LOS SANTOS', '02', '0702', 'Las Tablas', '23', '070223', 'Valle Rico', 7, 42, 'LOS SANTOS'),
  (340, '07', 'LOS SANTOS', '02', '0702', 'Las Tablas', '24', '070224', 'Vallerriquito', 7, 42, 'LOS SANTOS'),
  (341, '07', 'LOS SANTOS', '03', '0703', 'Los Santos', '01', '070301', 'La Villa de los Santos (Cabecera)', 7, 43, 'LOS SANTOS'),
  (342, '07', 'LOS SANTOS', '03', '0703', 'Los Santos', '02', '070302', 'El Guásimo', 7, 43, 'LOS SANTOS'),
  (343, '07', 'LOS SANTOS', '03', '0703', 'Los Santos', '03', '070303', 'La Colorada', 7, 43, 'LOS SANTOS'),
  (344, '07', 'LOS SANTOS', '03', '0703', 'Los Santos', '04', '070304', 'La Espigadilla', 7, 43, 'LOS SANTOS'),
  (345, '07', 'LOS SANTOS', '03', '0703', 'Los Santos', '05', '070305', 'Las Cruces', 7, 43, 'LOS SANTOS'),
  (346, '07', 'LOS SANTOS', '03', '0703', 'Los Santos', '06', '070306', 'Las Guabas', 7, 43, 'LOS SANTOS'),
  (347, '07', 'LOS SANTOS', '03', '0703', 'Los Santos', '07', '070307', 'Los Ángeles', 7, 43, 'LOS SANTOS'),
  (348, '07', 'LOS SANTOS', '03', '0703', 'Los Santos', '08', '070308', 'Los Olivos', 7, 43, 'LOS SANTOS'),
  (349, '07', 'LOS SANTOS', '03', '0703', 'Los Santos', '09', '070309', 'Llano Largo', 7, 43, 'LOS SANTOS'),
  (350, '07', 'LOS SANTOS', '03', '0703', 'Los Santos', '10', '070310', 'Sabana Grande', 7, 43, 'LOS SANTOS'),
  (351, '07', 'LOS SANTOS', '03', '0703', 'Los Santos', '11', '070311', 'Santa Ana', 7, 43, 'LOS SANTOS'),
  (352, '07', 'LOS SANTOS', '03', '0703', 'Los Santos', '12', '070312', 'Tres Quebradas', 7, 43, 'LOS SANTOS'),
  (353, '07', 'LOS SANTOS', '03', '0703', 'Los Santos', '13', '070313', 'Agua Buena', 7, 43, 'LOS SANTOS'),
  (354, '07', 'LOS SANTOS', '03', '0703', 'Los Santos', '14', '070314', 'Villa Lourdes', 7, 43, 'LOS SANTOS'),
  (355, '07', 'LOS SANTOS', '03', '0703', 'Los Santos', '15', '070315', 'El Ejido ', 7, 43, 'LOS SANTOS'),
  (356, '07', 'LOS SANTOS', '04', '0704', 'Macaracas', '01', '070401', 'Macaracas (Cabecera)', 7, 44, 'LOS SANTOS'),
  (357, '07', 'LOS SANTOS', '04', '0704', 'Macaracas', '02', '070402', 'Bahía Honda', 7, 44, 'LOS SANTOS'),
  (358, '07', 'LOS SANTOS', '04', '0704', 'Macaracas', '03', '070403', 'Bajos de Güera', 7, 44, 'LOS SANTOS'),
  (359, '07', 'LOS SANTOS', '04', '0704', 'Macaracas', '04', '070404', 'Corozal', 7, 44, 'LOS SANTOS'),
  (360, '07', 'LOS SANTOS', '04', '0704', 'Macaracas', '05', '070405', 'Chupá', 7, 44, 'LOS SANTOS'),
  (361, '07', 'LOS SANTOS', '04', '0704', 'Macaracas', '06', '070406', 'El Cedro', 7, 44, 'LOS SANTOS'),
  (362, '07', 'LOS SANTOS', '04', '0704', 'Macaracas', '07', '070407', 'Espino Amarillo', 7, 44, 'LOS SANTOS'),
  (363, '07', 'LOS SANTOS', '04', '0704', 'Macaracas', '08', '070408', 'La Mesa', 7, 44, 'LOS SANTOS'),
  (364, '07', 'LOS SANTOS', '04', '0704', 'Macaracas', '09', '070409', 'Las Palmas', 7, 44, 'LOS SANTOS'),
  (365, '07', 'LOS SANTOS', '04', '0704', 'Macaracas', '10', '070410', 'Llano de Piedra', 7, 44, 'LOS SANTOS'),
  (366, '07', 'LOS SANTOS', '04', '0704', 'Macaracas', '11', '070411', 'Mogollón', 7, 44, 'LOS SANTOS'),
  (367, '07', 'LOS SANTOS', '05', '0705', 'Pedasí', '01', '070501', 'Pedasí (Cabecera)', 7, 45, 'LOS SANTOS'),
  (368, '07', 'LOS SANTOS', '05', '0705', 'Pedasí', '02', '070502', 'Los Asientos', 7, 45, 'LOS SANTOS'),
  (369, '07', 'LOS SANTOS', '05', '0705', 'Pedasí', '03', '070503', 'Mariabé', 7, 45, 'LOS SANTOS'),
  (370, '07', 'LOS SANTOS', '05', '0705', 'Pedasí', '04', '070504', 'Purio', 7, 45, 'LOS SANTOS'),
  (371, '07', 'LOS SANTOS', '05', '0705', 'Pedasí', '05', '070505', 'Oria Arriba', 7, 45, 'LOS SANTOS'),
  (372, '07', 'LOS SANTOS', '06', '0706', 'Pocrí', '01', '070601', 'Pocrí (Cabecera)', 7, 46, 'LOS SANTOS'),
  (373, '07', 'LOS SANTOS', '06', '0706', 'Pocrí', '02', '070602', 'El Cañafístulo', 7, 46, 'LOS SANTOS'),
  (374, '07', 'LOS SANTOS', '06', '0706', 'Pocrí', '03', '070603', 'Lajamina', 7, 46, 'LOS SANTOS'),
  (375, '07', 'LOS SANTOS', '06', '0706', 'Pocrí', '04', '070604', 'Paraíso', 7, 46, 'LOS SANTOS'),
  (376, '07', 'LOS SANTOS', '06', '0706', 'Pocrí', '05', '070605', 'Paritilla', 7, 46, 'LOS SANTOS'),
  (377, '07', 'LOS SANTOS', '07', '0707', 'Tonosí', '01', '070701', 'Tonosí (Cabecera)', 7, 47, 'LOS SANTOS'),
  (378, '07', 'LOS SANTOS', '07', '0707', 'Tonosí', '02', '070702', 'Altos de Güera', 7, 47, 'LOS SANTOS'),
  (379, '07', 'LOS SANTOS', '07', '0707', 'Tonosí', '03', '070703', 'Cañas', 7, 47, 'LOS SANTOS'),
  (380, '07', 'LOS SANTOS', '07', '0707', 'Tonosí', '04', '070704', 'El Bebedero', 7, 47, 'LOS SANTOS'),
  (381, '07', 'LOS SANTOS', '07', '0707', 'Tonosí', '05', '070705', 'El Cacao', 7, 47, 'LOS SANTOS'),
  (382, '07', 'LOS SANTOS', '07', '0707', 'Tonosí', '06', '070706', 'El Cortezo', 7, 47, 'LOS SANTOS'),
  (383, '07', 'LOS SANTOS', '07', '0707', 'Tonosí', '07', '070707', 'Flores', 7, 47, 'LOS SANTOS'),
  (384, '07', 'LOS SANTOS', '07', '0707', 'Tonosí', '08', '070708', 'Guánico', 7, 47, 'LOS SANTOS'),
  (385, '07', 'LOS SANTOS', '07', '0707', 'Tonosí', '09', '070709', 'La Tronosa', 7, 47, 'LOS SANTOS'),
  (386, '07', 'LOS SANTOS', '07', '0707', 'Tonosí', '10', '070710', 'Cambutal', 7, 47, 'LOS SANTOS'),
  (387, '07', 'LOS SANTOS', '07', '0707', 'Tonosí', '11', '070711', 'Isla de Cañas', 7, 47, 'LOS SANTOS'),
  (388, '08', 'PANAMÁ', '02', '0802', 'Balboa', '01', '080201', 'San Miguel (Cabecera)', 8, 48, 'PANAMÁ ESTE CHEPO'),
  (389, '08', 'PANAMÁ', '02', '0802', 'Balboa', '02', '080202', 'La Ensenada', 8, 48, 'PANAMÁ ESTE CHEPO'),
  (390, '08', 'PANAMÁ', '02', '0802', 'Balboa', '03', '080203', 'La Esmeralda', 8, 48, 'PANAMÁ ESTE CHEPO'),
  (391, '08', 'PANAMÁ', '02', '0802', 'Balboa', '04', '080204', 'La Guinea', 8, 48, 'PANAMÁ ESTE CHEPO'),
  (392, '08', 'PANAMÁ', '02', '0802', 'Balboa', '05', '080205', 'Pedro González', 8, 48, 'PANAMÁ ESTE CHEPO'),
  (393, '08', 'PANAMÁ', '02', '0802', 'Balboa', '06', '080206', 'Saboga', 8, 48, 'PANAMÁ ESTE CHEPO'),
  (394, '08', 'PANAMÁ', '05', '0805', 'Chepo', '01', '080501', 'Chepo (Cabecera)', 8, 49, 'PANAMÁ ESTE CHEPO'),
  (395, '08', 'PANAMÁ', '05', '0805', 'Chepo', '02', '080502', 'Cañita', 8, 49, 'PANAMÁ ESTE CHEPO'),
  (396, '08', 'PANAMÁ', '05', '0805', 'Chepo', '03', '080503', 'Chepillo', 8, 49, 'PANAMÁ ESTE CHEPO'),
  (397, '08', 'PANAMÁ', '05', '0805', 'Chepo', '04', '080504', 'El Llano', 8, 49, 'PANAMÁ ESTE CHEPO'),
  (398, '08', 'PANAMÁ', '05', '0805', 'Chepo', '05', '080505', 'Las Margaritas', 8, 49, 'PANAMÁ ESTE CHEPO'),
  (399, '08', 'PANAMÁ', '05', '0805', 'Chepo', '06', '080506', 'Santa Cruz de Chinina', 8, 49, 'PANAMÁ ESTE CHEPO'),
  (400, '08', 'PANAMÁ', '05', '0805', 'Chepo', '07', '080507', 'Comarca Kuna de Madungandí', 8, 49, 'PANAMÁ ESTE CHEPO'),
  (401, '08', 'PANAMÁ', '05', '0805', 'Chepo', '08', '080508', 'Tortí', 8, 49, 'PANAMÁ ESTE CHEPO'),
  (402, '08', 'PANAMÁ', '06', '0806', 'Chimán', '01', '080601', 'Chimán (Cabecera)', 8, 50, 'PANAMÁ ESTE CHEPO'),
  (403, '08', 'PANAMÁ', '06', '0806', 'Chimán', '02', '080602', 'Brujas', 8, 50, 'PANAMÁ ESTE CHEPO'),
  (404, '08', 'PANAMÁ', '06', '0806', 'Chimán', '03', '080603', 'Gonzalo Vásquez', 8, 50, 'PANAMÁ ESTE CHEPO'),
  (405, '08', 'PANAMÁ', '06', '0806', 'Chimán', '04', '080604', 'Pásiga', 8, 50, 'PANAMÁ ESTE CHEPO'),
  (406, '08', 'PANAMÁ', '06', '0806', 'Chimán', '05', '080605', 'Unión Santeña', 8, 50, 'PANAMÁ ESTE CHEPO'),
  (407, '08', 'PANAMÁ', '08', '0808', 'Panamá', '01', '080801', 'San Felipe', 8, 51, 'PANAMÁ CENTRO'),
  (408, '08', 'PANAMÁ', '08', '0808', 'Panamá', '02', '080802', 'El Chorrillo', 8, 51, 'PANAMÁ CENTRO'),
  (409, '08', 'PANAMÁ', '08', '0808', 'Panamá', '03', '080803', 'Santa Ana', 8, 51, 'PANAMÁ CENTRO'),
  (410, '08', 'PANAMÁ', '08', '0808', 'Panamá', '04', '080804', 'Calidonia o La Exposición', 8, 51, 'PANAMÁ CENTRO'),
  (411, '08', 'PANAMÁ', '08', '0808', 'Panamá', '05', '080805', 'Curundú', 8, 51, 'PANAMÁ CENTRO'),
  (412, '08', 'PANAMÁ', '08', '0808', 'Panamá', '06', '080806', 'Betania', 8, 51, 'PANAMÁ CENTRO'),
  (413, '08', 'PANAMÁ', '08', '0808', 'Panamá', '07', '080807', 'Bella Vista', 8, 51, 'PANAMÁ CENTRO'),
  (414, '08', 'PANAMÁ', '08', '0808', 'Panamá', '08', '080808', 'Pueblo Nuevo', 8, 51, 'PANAMÁ CENTRO'),
  (415, '08', 'PANAMÁ', '08', '0808', 'Panamá', '09', '080809', 'San Francisco', 8, 51, 'PANAMÁ CENTRO'),
  (416, '08', 'PANAMÁ', '08', '0808', 'Panamá', '10', '080810', 'Parque Lefevre', 8, 51, 'PANAMÁ CENTRO'),
  (417, '08', 'PANAMÁ', '08', '0808', 'Panamá', '11', '080811', 'Río Abajo', 8, 51, 'PANAMÁ CENTRO'),
  (418, '08', 'PANAMÁ', '08', '0808', 'Panamá', '12', '080812', 'Juan Díaz', 8, 51, 'PANAMÁ CENTRO'),
  (419, '08', 'PANAMÁ', '08', '0808', 'Panamá', '13', '080813', 'Pedregal', 8, 51, 'PANAMÁ CENTRO'),
  (420, '08', 'PANAMÁ', '08', '0808', 'Panamá', '14', '080814', 'Ancón', 8, 51, 'PANAMÁ CENTRO'),
  (421, '08', 'PANAMÁ', '08', '0808', 'Panamá', '15', '080815', 'Chilibre', 8, 51, 'PANAMÁ CENTRO'),
  (422, '08', 'PANAMÁ', '08', '0808', 'Panamá', '16', '080816', 'Las Cumbres', 8, 51, 'PANAMÁ CENTRO'),
  (423, '08', 'PANAMÁ', '08', '0808', 'Panamá', '17', '080817', 'Pacora', 8, 51, 'PANAMÁ CENTRO'),
  (424, '08', 'PANAMÁ', '08', '0808', 'Panamá', '18', '080818', 'San Martín', 8, 51, 'PANAMÁ CENTRO'),
  (425, '08', 'PANAMÁ', '08', '0808', 'Panamá', '19', '080819', 'Tocumen', 8, 51, 'PANAMÁ CENTRO'),
  (426, '08', 'PANAMÁ', '08', '0808', 'Panamá', '20', '080820', 'Las Mañanitas', 8, 51, 'PANAMÁ CENTRO'),
  (427, '08', 'PANAMÁ', '08', '0808', 'Panamá', '21', '080821', '24 de Diciembre', 8, 51, 'PANAMÁ CENTRO'),
  (428, '08', 'PANAMÁ', '08', '0808', 'Panamá', '22', '080822', 'Alcalde Díaz', 8, 51, 'PANAMÁ CENTRO'),
  (429, '08', 'PANAMÁ', '08', '0808', 'Panamá', '23', '080823', 'Ernesto Córdoba Campos', 8, 51, 'PANAMÁ CENTRO'),
  (430, '08', 'PANAMÁ', '08', '0808', 'Panamá', '24', '080824', 'Caimitillo', 8, 51, 'PANAMÁ CENTRO'),
  (431, '08', 'PANAMÁ', '08', '0808', 'Panamá', '25', '080825', 'Las Garzas', 8, 51, 'PANAMÁ CENTRO'),
  (432, '08', 'PANAMÁ', '08', '0808', 'Panamá', '26', '080826', 'Don Bosco', 8, 51, 'PANAMÁ CENTRO'),
  (433, '08', 'PANAMÁ', '10', '0810', 'San Miguelito', '01', '081001', 'Amelia Denis de Icaza', 8, 52, 'PANAMÁ SAN MIGUELITO'),
  (434, '08', 'PANAMÁ', '10', '0810', 'San Miguelito', '02', '081002', 'Belisario Porras', 8, 52, 'PANAMÁ SAN MIGUELITO'),
  (435, '08', 'PANAMÁ', '10', '0810', 'San Miguelito', '03', '081003', 'José Domingo Espinar', 8, 52, 'PANAMÁ SAN MIGUELITO'),
  (436, '08', 'PANAMÁ', '10', '0810', 'San Miguelito', '04', '081004', 'Mateo Iturralde (Cabecera)', 8, 52, 'PANAMÁ SAN MIGUELITO'),
  (437, '08', 'PANAMÁ', '10', '0810', 'San Miguelito', '05', '081005', 'Victoriano Lorenzo', 8, 52, 'PANAMÁ SAN MIGUELITO'),
  (438, '08', 'PANAMÁ', '10', '0810', 'San Miguelito', '06', '081006', 'Arnulfo Arias', 8, 52, 'PANAMÁ SAN MIGUELITO'),
  (439, '08', 'PANAMÁ', '10', '0810', 'San Miguelito', '07', '081007', 'Belisario Frías', 8, 52, 'PANAMÁ SAN MIGUELITO'),
  (440, '08', 'PANAMÁ', '10', '0810', 'San Miguelito', '08', '081008', 'Omar Torrijos', 8, 52, 'PANAMÁ SAN MIGUELITO'),
  (441, '08', 'PANAMÁ', '10', '0810', 'San Miguelito', '09', '081009', 'Rufina Alfaro', 8, 52, 'PANAMÁ SAN MIGUELITO'),
  (442, '08', 'PANAMÁ', '11', '0811', 'Taboga', '01', '081101', 'Taboga  (Cabecera)', 8, 53, 'PANAMÁ ESTE CHEPO'),
  (443, '08', 'PANAMÁ', '11', '0811', 'Taboga', '02', '081102', 'Otoque Occidente', 8, 53, 'PANAMÁ ESTE CHEPO'),
  (444, '08', 'PANAMÁ', '11', '0811', 'Taboga', '03', '081103', 'Otoque Oriente', 8, 53, 'PANAMÁ ESTE CHEPO'),
  (445, '09', 'VERAGUAS', '01', '0901', 'Atalaya', '01', '090101', 'Atalaya (Cabecera)', 9, 54, 'VERAGUAS'),
  (446, '09', 'VERAGUAS', '01', '0901', 'Atalaya', '02', '090102', 'El Barrito', 9, 54, 'VERAGUAS'),
  (447, '09', 'VERAGUAS', '01', '0901', 'Atalaya', '03', '090103', 'La Montañuela', 9, 54, 'VERAGUAS'),
  (448, '09', 'VERAGUAS', '01', '0901', 'Atalaya', '04', '090104', 'La Carrillo', 9, 54, 'VERAGUAS'),
  (449, '09', 'VERAGUAS', '01', '0901', 'Atalaya', '05', '090105', 'San Antonio', 9, 54, 'VERAGUAS'),
  (450, '09', 'VERAGUAS', '02', '0902', 'Calobre', '01', '090201', 'Calobre (Cabecera)', 9, 55, 'VERAGUAS'),
  (451, '09', 'VERAGUAS', '02', '0902', 'Calobre', '02', '090202', 'Barnizal', 9, 55, 'VERAGUAS'),
  (452, '09', 'VERAGUAS', '02', '0902', 'Calobre', '03', '090203', 'Chitra', 9, 55, 'VERAGUAS'),
  (453, '09', 'VERAGUAS', '02', '0902', 'Calobre', '04', '090204', 'El Cocla', 9, 55, 'VERAGUAS'),
  (454, '09', 'VERAGUAS', '02', '0902', 'Calobre', '05', '090205', 'El Potrero', 9, 55, 'VERAGUAS'),
  (455, '09', 'VERAGUAS', '02', '0902', 'Calobre', '06', '090206', 'La Laguna', 9, 55, 'VERAGUAS'),
  (456, '09', 'VERAGUAS', '02', '0902', 'Calobre', '07', '090207', 'La Raya de Calobre', 9, 55, 'VERAGUAS'),
  (457, '09', 'VERAGUAS', '02', '0902', 'Calobre', '08', '090208', 'La Tetilla', 9, 55, 'VERAGUAS'),
  (458, '09', 'VERAGUAS', '02', '0902', 'Calobre', '09', '090209', 'La Yeguada', 9, 55, 'VERAGUAS'),
  (459, '09', 'VERAGUAS', '02', '0902', 'Calobre', '10', '090210', 'Las Guías', 9, 55, 'VERAGUAS'),
  (460, '09', 'VERAGUAS', '02', '0902', 'Calobre', '11', '090211', 'Monjarás', 9, 55, 'VERAGUAS'),
  (461, '09', 'VERAGUAS', '02', '0902', 'Calobre', '12', '090212', 'San José', 9, 55, 'VERAGUAS'),
  (462, '09', 'VERAGUAS', '03', '0903', 'Cañazas', '01', '090301', 'Cañazas (Cabecera)', 9, 56, 'VERAGUAS'),
  (463, '09', 'VERAGUAS', '03', '0903', 'Cañazas', '02', '090302', 'Cerro de Plata', 9, 56, 'VERAGUAS'),
  (464, '09', 'VERAGUAS', '03', '0903', 'Cañazas', '03', '090303', 'El Picador', 9, 56, 'VERAGUAS'),
  (465, '09', 'VERAGUAS', '03', '0903', 'Cañazas', '04', '090304', 'Los Valles', 9, 56, 'VERAGUAS'),
  (466, '09', 'VERAGUAS', '03', '0903', 'Cañazas', '05', '090305', 'San José', 9, 56, 'VERAGUAS'),
  (467, '09', 'VERAGUAS', '03', '0903', 'Cañazas', '06', '090306', 'San Marcelo', 9, 56, 'VERAGUAS'),
  (468, '09', 'VERAGUAS', '03', '0903', 'Cañazas', '07', '090307', 'El Aromillo', 9, 56, 'VERAGUAS'),
  (469, '09', 'VERAGUAS', '03', '0903', 'Cañazas', '08', '090308', 'Las Cruces', 9, 56, 'VERAGUAS'),
  (470, '09', 'VERAGUAS', '04', '0904', 'La Mesa', '01', '090401', 'La Mesa  (Cabecera)', 9, 57, 'VERAGUAS'),
  (471, '09', 'VERAGUAS', '04', '0904', 'La Mesa', '02', '090402', 'Bisvalles', 9, 57, 'VERAGUAS'),
  (472, '09', 'VERAGUAS', '04', '0904', 'La Mesa', '03', '090403', 'Boró', 9, 57, 'VERAGUAS'),
  (473, '09', 'VERAGUAS', '04', '0904', 'La Mesa', '04', '090404', 'Llano Grande', 9, 57, 'VERAGUAS'),
  (474, '09', 'VERAGUAS', '04', '0904', 'La Mesa', '05', '090405', 'San Bartolo', 9, 57, 'VERAGUAS'),
  (475, '09', 'VERAGUAS', '04', '0904', 'La Mesa', '06', '090406', 'Los Milagros', 9, 57, 'VERAGUAS'),
  (476, '09', 'VERAGUAS', '04', '0904', 'La Mesa', '07', '090407', 'El Higo', 9, 57, 'VERAGUAS'),
  (477, '09', 'VERAGUAS', '05', '0905', 'Las Palmas', '01', '090501', 'Las Palmas  (Cabecera)', 9, 58, 'VERAGUAS'),
  (478, '09', 'VERAGUAS', '05', '0905', 'Las Palmas', '02', '090502', 'Cerro de Casa', 9, 58, 'VERAGUAS'),
  (479, '09', 'VERAGUAS', '05', '0905', 'Las Palmas', '03', '090503', 'Corozal', 9, 58, 'VERAGUAS'),
  (480, '09', 'VERAGUAS', '05', '0905', 'Las Palmas', '04', '090504', 'El María', 9, 58, 'VERAGUAS'),
  (481, '09', 'VERAGUAS', '05', '0905', 'Las Palmas', '05', '090505', 'El Prado', 9, 58, 'VERAGUAS'),
  (482, '09', 'VERAGUAS', '05', '0905', 'Las Palmas', '06', '090506', 'El Rincón', 9, 58, 'VERAGUAS'),
  (483, '09', 'VERAGUAS', '05', '0905', 'Las Palmas', '07', '090507', 'Lolá', 9, 58, 'VERAGUAS'),
  (484, '09', 'VERAGUAS', '05', '0905', 'Las Palmas', '08', '090508', 'Pixvae', 9, 58, 'VERAGUAS'),
  (485, '09', 'VERAGUAS', '05', '0905', 'Las Palmas', '09', '090509', 'Puerto Vidal', 9, 58, 'VERAGUAS'),
  (486, '09', 'VERAGUAS', '05', '0905', 'Las Palmas', '10', '090510', 'San Martín De Porres', 9, 58, 'VERAGUAS'),
  (487, '09', 'VERAGUAS', '05', '0905', 'Las Palmas', '11', '090511', 'Viguí', 9, 58, 'VERAGUAS'),
  (488, '09', 'VERAGUAS', '05', '0905', 'Las Palmas', '12', '090512', 'Zapotillo', 9, 58, 'VERAGUAS'),
  (489, '09', 'VERAGUAS', '05', '0905', 'Las Palmas', '13', '090513', 'Manuel E. Amador Terrero', 9, 58, 'VERAGUAS'),
  (490, '09', 'VERAGUAS', '06', '0906', 'Montijo', '01', '090601', 'Montijo  (Cabecera)', 9, 59, 'VERAGUAS'),
  (491, '09', 'VERAGUAS', '06', '0906', 'Montijo', '02', '090602', 'Gobernadora', 9, 59, 'VERAGUAS'),
  (492, '09', 'VERAGUAS', '06', '0906', 'Montijo', '03', '090603', 'La Garceana', 9, 59, 'VERAGUAS'),
  (493, '09', 'VERAGUAS', '06', '0906', 'Montijo', '04', '090604', 'Leones', 9, 59, 'VERAGUAS'),
  (494, '09', 'VERAGUAS', '06', '0906', 'Montijo', '05', '090605', 'Pilón', 9, 59, 'VERAGUAS'),
  (495, '09', 'VERAGUAS', '06', '0906', 'Montijo', '06', '090606', 'Cébaco', 9, 59, 'VERAGUAS'),
  (496, '09', 'VERAGUAS', '06', '0906', 'Montijo', '07', '090607', 'Costa Hermosa', 9, 59, 'VERAGUAS'),
  (497, '09', 'VERAGUAS', '06', '0906', 'Montijo', '08', '090608', 'Unión del Norte', 9, 59, 'VERAGUAS'),
  (498, '09', 'VERAGUAS', '07', '0907', 'Río de Jesús', '01', '090701', 'Río de Jesús  (Cabecera)', 9, 60, 'VERAGUAS'),
  (499, '09', 'VERAGUAS', '07', '0907', 'Río de Jesús', '02', '090702', 'Las Huacas', 9, 60, 'VERAGUAS'),
  (500, '09', 'VERAGUAS', '07', '0907', 'Río de Jesús', '03', '090703', 'Los Castillos', 9, 60, 'VERAGUAS'),
  (501, '09', 'VERAGUAS', '07', '0907', 'Río de Jesús', '04', '090704', 'Utirá', 9, 60, 'VERAGUAS'),
  (502, '09', 'VERAGUAS', '07', '0907', 'Río de Jesús', '05', '090705', 'Catorce de Noviembre', 9, 60, 'VERAGUAS'),
  (503, '09', 'VERAGUAS', '08', '0908', 'San Francisco', '01', '090801', 'San Francisco (Cabecera)', 9, 61, 'VERAGUAS'),
  (504, '09', 'VERAGUAS', '08', '0908', 'San Francisco', '02', '090802', 'Corral Falso', 9, 61, 'VERAGUAS'),
  (505, '09', 'VERAGUAS', '08', '0908', 'San Francisco', '03', '090803', 'Los Hatillos', 9, 61, 'VERAGUAS'),
  (506, '09', 'VERAGUAS', '08', '0908', 'San Francisco', '04', '090804', 'Remance', 9, 61, 'VERAGUAS'),
  (507, '09', 'VERAGUAS', '08', '0908', 'San Francisco', '05', '090805', 'San Juan', 9, 61, 'VERAGUAS'),
  (508, '09', 'VERAGUAS', '08', '0908', 'San Francisco', '06', '090806', 'San José', 9, 61, 'VERAGUAS'),
  (509, '09', 'VERAGUAS', '09', '0909', 'Santa Fe', '01', '090901', 'Santa Fe (Cabecera)', 9, 62, 'VERAGUAS'),
  (510, '09', 'VERAGUAS', '09', '0909', 'Santa Fe', '02', '090902', 'Calovébora', 9, 62, 'VERAGUAS'),
  (511, '09', 'VERAGUAS', '09', '0909', 'Santa Fe', '03', '090903', 'El Alto', 9, 62, 'VERAGUAS'),
  (512, '09', 'VERAGUAS', '09', '0909', 'Santa Fe', '04', '090904', 'El Cuay', 9, 62, 'VERAGUAS'),
  (513, '09', 'VERAGUAS', '09', '0909', 'Santa Fe', '05', '090905', 'El Pantano', 9, 62, 'VERAGUAS'),
  (514, '09', 'VERAGUAS', '09', '0909', 'Santa Fe', '06', '090906', 'Gatú o Gatucito', 9, 62, 'VERAGUAS'),
  (515, '09', 'VERAGUAS', '09', '0909', 'Santa Fe', '07', '090907', 'Río Luis', 9, 62, 'VERAGUAS'),
  (516, '09', 'VERAGUAS', '09', '0909', 'Santa Fe', '08', '090908', 'Rubén Cantú', 9, 62, 'VERAGUAS'),
  (517, '09', 'VERAGUAS', '10', '0910', 'Santiago', '01', '091001', 'Santiago  (Cabecera)', 9, 63, 'VERAGUAS'),
  (518, '09', 'VERAGUAS', '10', '0910', 'Santiago', '02', '091002', 'La Colorada', 9, 63, 'VERAGUAS'),
  (519, '09', 'VERAGUAS', '10', '0910', 'Santiago', '03', '091003', 'La Peña', 9, 63, 'VERAGUAS'),
  (520, '09', 'VERAGUAS', '10', '0910', 'Santiago', '04', '091004', 'La Raya de Santa María', 9, 63, 'VERAGUAS'),
  (521, '09', 'VERAGUAS', '10', '0910', 'Santiago', '05', '091005', 'Ponuga', 9, 63, 'VERAGUAS'),
  (522, '09', 'VERAGUAS', '10', '0910', 'Santiago', '06', '091006', 'San Pedro del Espino', 9, 63, 'VERAGUAS'),
  (523, '09', 'VERAGUAS', '10', '0910', 'Santiago', '07', '091007', 'Canto del Llano', 9, 63, 'VERAGUAS'),
  (524, '09', 'VERAGUAS', '10', '0910', 'Santiago', '08', '091008', 'Los Algarrobos', 9, 63, 'VERAGUAS'),
  (525, '09', 'VERAGUAS', '10', '0910', 'Santiago', '09', '091009', 'Carlos Santana Ávila', 9, 63, 'VERAGUAS'),
  (526, '09', 'VERAGUAS', '10', '0910', 'Santiago', '10', '091010', 'Edwin Fábrega', 9, 63, 'VERAGUAS'),
  (527, '09', 'VERAGUAS', '10', '0910', 'Santiago', '11', '091011', 'San Martín de Porres', 9, 63, 'VERAGUAS'),
  (528, '09', 'VERAGUAS', '10', '0910', 'Santiago', '12', '091012', 'Urracá', 9, 63, 'VERAGUAS'),
  (529, '09', 'VERAGUAS', '10', '0910', 'Santiago', '13', '091013', 'Rodrigo Luque', 9, 63, 'VERAGUAS'),
  (530, '09', 'VERAGUAS', '10', '0910', 'Santiago', '14', '091014', 'Nuevo Santiago', 9, 63, 'VERAGUAS'),
  (531, '09', 'VERAGUAS', '10', '0910', 'Santiago', '15', '091015', 'Santiago Este', 9, 63, 'VERAGUAS'),
  (532, '09', 'VERAGUAS', '10', '0910', 'Santiago', '16', '091016', 'Santiago Sur', 9, 63, 'VERAGUAS'),
  (533, '09', 'VERAGUAS', '11', '0911', 'Soná', '01', '091101', 'Soná  (Cabecera)', 9, 64, 'VERAGUAS'),
  (534, '09', 'VERAGUAS', '11', '0911', 'Soná', '02', '091102', 'Bahía Honda', 9, 64, 'VERAGUAS'),
  (535, '09', 'VERAGUAS', '11', '0911', 'Soná', '03', '091103', 'Calidonia', 9, 64, 'VERAGUAS'),
  (536, '09', 'VERAGUAS', '11', '0911', 'Soná', '04', '091104', 'Cativé', 9, 64, 'VERAGUAS'),
  (537, '09', 'VERAGUAS', '11', '0911', 'Soná', '05', '091105', 'El Marañón', 9, 64, 'VERAGUAS'),
  (538, '09', 'VERAGUAS', '11', '0911', 'Soná', '06', '091106', 'Guarumal', 9, 64, 'VERAGUAS'),
  (539, '09', 'VERAGUAS', '11', '0911', 'Soná', '07', '091107', 'La Soledad', 9, 64, 'VERAGUAS'),
  (540, '09', 'VERAGUAS', '11', '0911', 'Soná', '08', '091108', 'Quebrada de Oro', 9, 64, 'VERAGUAS'),
  (541, '09', 'VERAGUAS', '11', '0911', 'Soná', '09', '091109', 'Río Grande', 9, 64, 'VERAGUAS'),
  (542, '09', 'VERAGUAS', '11', '0911', 'Soná', '10', '091110', 'Rodeo Viejo', 9, 64, 'VERAGUAS'),
  (543, '09', 'VERAGUAS', '11', '0911', 'Soná', '11', '091111', 'Hicaco', 9, 64, 'VERAGUAS'),
  (544, '09', 'VERAGUAS', '11', '0911', 'Soná', '12', '091112', 'La Trinchera', 9, 64, 'VERAGUAS'),
  (545, '09', 'VERAGUAS', '12', '0912', 'Mariato', '01', '091201', 'Llano de Catival o Mariato (Cabecera)', 9, 65, 'VERAGUAS'),
  (546, '09', 'VERAGUAS', '12', '0912', 'Mariato', '02', '091202', 'Arenas', 9, 65, 'VERAGUAS'),
  (547, '09', 'VERAGUAS', '12', '0912', 'Mariato', '03', '091203', 'El Cacao', 9, 65, 'VERAGUAS'),
  (548, '09', 'VERAGUAS', '12', '0912', 'Mariato', '04', '091204', 'Quebro', 9, 65, 'VERAGUAS'),
  (549, '09', 'VERAGUAS', '12', '0912', 'Mariato', '05', '091205', 'Tebario', 9, 65, 'VERAGUAS'),
  (550, '10', 'COMARCA KUNA YALA', '01', '1001', 'COMARCA KUNA YALA', '01', '100101', 'Narganá  (Cabecera)', 10, 66, 'COMARCA GUNA YALA'),
  (551, '10', 'COMARCA KUNA YALA', '01', '1001', 'COMARCA KUNA YALA', '02', '100102', 'Ailigandí', 10, 66, 'COMARCA GUNA YALA'),
  (552, '10', 'COMARCA KUNA YALA', '01', '1001', 'COMARCA KUNA YALA', '03', '100103', 'Puerto Obaldía', 10, 66, 'COMARCA GUNA YALA'),
  (553, '10', 'COMARCA KUNA YALA', '01', '1001', 'COMARCA KUNA YALA', '04', '100104', 'Tubualá', 10, 66, 'COMARCA GUNA YALA'),
  (554, '11', 'COMARCA EMBERÁ', '01', '1101', 'Cémaco', '01', '110101', 'Cirilo Guaynora  (Cabecera)', 11, 67, 'COMARCA INDÍGENA  EMBERÁ'),
  (555, '11', 'COMARCA EMBERÁ', '01', '1101', 'Cémaco', '02', '110102', 'Lajas Blancas', 11, 67, 'COMARCA INDÍGENA  EMBERÁ'),
  (556, '11', 'COMARCA EMBERÁ', '01', '1101', 'Cémaco', '03', '110103', 'Manuel Ortega', 11, 67, 'COMARCA INDÍGENA  EMBERÁ'),
  (557, '11', 'COMARCA EMBERÁ', '02', '1102', 'Sambú', '01', '110201', 'Río Sábalo (Cabecera)', 11, 68, 'COMARCA INDÍGENA  EMBERÁ'),
  (558, '11', 'COMARCA EMBERÁ', '02', '1102', 'Sambú', '02', '110202', 'Jingurudó', 11, 68, 'COMARCA INDÍGENA  EMBERÁ'),
  (559, '12', 'COMARCA NGÄBE BUGLÉ', '01', '1201', 'Besiko', '01', '120101', 'Soloy  (Cabecera)', 12, 69, 'COMARCA INDÍGENA NGOBE BUGLÉ'),
  (560, '12', 'COMARCA NGÄBE BUGLÉ', '01', '1201', 'Besiko', '02', '120102', 'Boca de Balsa', 12, 69, 'COMARCA INDÍGENA NGOBE BUGLÉ'),
  (561, '12', 'COMARCA NGÄBE BUGLÉ', '01', '1201', 'Besiko', '03', '120103', 'Camarón Arriba', 12, 69, 'COMARCA INDÍGENA NGOBE BUGLÉ'),
  (562, '12', 'COMARCA NGÄBE BUGLÉ', '01', '1201', 'Besiko', '04', '120104', 'Cerro Banco', 12, 69, 'COMARCA INDÍGENA NGOBE BUGLÉ'),
  (563, '12', 'COMARCA NGÄBE BUGLÉ', '01', '1201', 'Besiko', '05', '120105', 'Cerro de Patena', 12, 69, 'COMARCA INDÍGENA NGOBE BUGLÉ'),
  (564, '12', 'COMARCA NGÄBE BUGLÉ', '01', '1201', 'Besiko', '06', '120106', 'Emplanada de Chorcha', 12, 69, 'COMARCA INDÍGENA NGOBE BUGLÉ'),
  (565, '12', 'COMARCA NGÄBE BUGLÉ', '01', '1201', 'Besiko', '07', '120107', 'Nämnoni', 12, 69, 'COMARCA INDÍGENA NGOBE BUGLÉ'),
  (566, '12', 'COMARCA NGÄBE BUGLÉ', '01', '1201', 'Besiko', '08', '120108', 'Niba', 12, 69, 'COMARCA INDÍGENA NGOBE BUGLÉ'),
  (567, '12', 'COMARCA NGÄBE BUGLÉ', '02', '1202', 'Mironó', '01', '120201', 'Hato Pilón  (Cabecera)', 12, 70, 'COMARCA INDÍGENA NGOBE BUGLÉ'),
  (568, '12', 'COMARCA NGÄBE BUGLÉ', '02', '1202', 'Mironó', '02', '120202', 'Cascabel', 12, 70, 'COMARCA INDÍGENA NGOBE BUGLÉ'),
  (569, '12', 'COMARCA NGÄBE BUGLÉ', '02', '1202', 'Mironó', '03', '120203', 'Hato Corotú', 12, 70, 'COMARCA INDÍGENA NGOBE BUGLÉ'),
  (570, '12', 'COMARCA NGÄBE BUGLÉ', '02', '1202', 'Mironó', '04', '120204', 'Hato Culantro', 12, 70, 'COMARCA INDÍGENA NGOBE BUGLÉ'),
  (571, '12', 'COMARCA NGÄBE BUGLÉ', '02', '1202', 'Mironó', '05', '120205', 'Hato Jobo', 12, 70, 'COMARCA INDÍGENA NGOBE BUGLÉ'),
  (572, '12', 'COMARCA NGÄBE BUGLÉ', '02', '1202', 'Mironó', '06', '120206', 'Hato Julí', 12, 70, 'COMARCA INDÍGENA NGOBE BUGLÉ'),
  (573, '12', 'COMARCA NGÄBE BUGLÉ', '02', '1202', 'Mironó', '07', '120207', 'Quebrada de Loro', 12, 70, 'COMARCA INDÍGENA NGOBE BUGLÉ'),
  (574, '12', 'COMARCA NGÄBE BUGLÉ', '02', '1202', 'Mironó', '08', '120208', 'Salto Dupí', 12, 70, 'COMARCA INDÍGENA NGOBE BUGLÉ'),
  (575, '12', 'COMARCA NGÄBE BUGLÉ', '03', '1203', 'Müna', '01', '120301', 'Chichica  (Cabecera)', 12, 71, 'COMARCA INDÍGENA NGOBE BUGLÉ'),
  (576, '12', 'COMARCA NGÄBE BUGLÉ', '03', '1203', 'Müna', '02', '120302', 'Alto Caballero', 12, 71, 'COMARCA INDÍGENA NGOBE BUGLÉ'),
  (577, '12', 'COMARCA NGÄBE BUGLÉ', '03', '1203', 'Müna', '03', '120303', 'Bakama', 12, 71, 'COMARCA INDÍGENA NGOBE BUGLÉ'),
  (578, '12', 'COMARCA NGÄBE BUGLÉ', '03', '1203', 'Müna', '04', '120304', 'Cerro Caña', 12, 71, 'COMARCA INDÍGENA NGOBE BUGLÉ'),
  (579, '12', 'COMARCA NGÄBE BUGLÉ', '03', '1203', 'Müna', '05', '120305', 'Cerro Puerco', 12, 71, 'COMARCA INDÍGENA NGOBE BUGLÉ'),
  (580, '12', 'COMARCA NGÄBE BUGLÉ', '03', '1203', 'Müna', '06', '120306', 'Krüa', 12, 71, 'COMARCA INDÍGENA NGOBE BUGLÉ'),
  (581, '12', 'COMARCA NGÄBE BUGLÉ', '03', '1203', 'Müna', '07', '120307', 'Maraca', 12, 71, 'COMARCA INDÍGENA NGOBE BUGLÉ'),
  (582, '12', 'COMARCA NGÄBE BUGLÉ', '03', '1203', 'Müna', '08', '120308', 'Nibra', 12, 71, 'COMARCA INDÍGENA NGOBE BUGLÉ'),
  (583, '12', 'COMARCA NGÄBE BUGLÉ', '03', '1203', 'Müna', '09', '120309', 'Peña Blanca', 12, 71, 'COMARCA INDÍGENA NGOBE BUGLÉ'),
  (584, '12', 'COMARCA NGÄBE BUGLÉ', '03', '1203', 'Müna', '10', '120310', 'Roka', 12, 71, 'COMARCA INDÍGENA NGOBE BUGLÉ'),
  (585, '12', 'COMARCA NGÄBE BUGLÉ', '03', '1203', 'Müna', '11', '120311', 'Sitio Prado', 12, 71, 'COMARCA INDÍGENA NGOBE BUGLÉ'),
  (586, '12', 'COMARCA NGÄBE BUGLÉ', '03', '1203', 'Müna', '12', '120312', 'Ümani', 12, 71, 'COMARCA INDÍGENA NGOBE BUGLÉ'),
  (587, '12', 'COMARCA NGÄBE BUGLÉ', '03', '1203', 'Müna', '13', '120313', 'Dikeri', 12, 71, 'COMARCA INDÍGENA NGOBE BUGLÉ'),
  (588, '12', 'COMARCA NGÄBE BUGLÉ', '03', '1203', 'Müna', '14', '120314', 'Diko', 12, 71, 'COMARCA INDÍGENA NGOBE BUGLÉ'),
  (589, '12', 'COMARCA NGÄBE BUGLÉ', '03', '1203', 'Müna', '15', '120315', 'Kikari', 12, 71, 'COMARCA INDÍGENA NGOBE BUGLÉ'),
  (590, '12', 'COMARCA NGÄBE BUGLÉ', '03', '1203', 'Müna', '16', '120316', 'Mreeni', 12, 71, 'COMARCA INDÍGENA NGOBE BUGLÉ'),
  (591, '12', 'COMARCA NGÄBE BUGLÉ', '04', '1204', 'Nole Duima', '01', '120401', 'Cerro Iglesias  (Cabecera)', 12, 72, 'COMARCA INDÍGENA NGOBE BUGLÉ'),
  (592, '12', 'COMARCA NGÄBE BUGLÉ', '04', '1204', 'Nole Duima', '02', '120402', 'Hato Chamí', 12, 72, 'COMARCA INDÍGENA NGOBE BUGLÉ'),
  (593, '12', 'COMARCA NGÄBE BUGLÉ', '04', '1204', 'Nole Duima', '03', '120403', 'Jädaberi', 12, 72, 'COMARCA INDÍGENA NGOBE BUGLÉ'),
  (594, '12', 'COMARCA NGÄBE BUGLÉ', '04', '1204', 'Nole Duima', '04', '120404', 'Lajero', 12, 72, 'COMARCA INDÍGENA NGOBE BUGLÉ'),
  (595, '12', 'COMARCA NGÄBE BUGLÉ', '04', '1204', 'Nole Duima', '05', '120405', 'Susama', 12, 72, 'COMARCA INDÍGENA NGOBE BUGLÉ'),
  (596, '12', 'COMARCA NGÄBE BUGLÉ', '05', '1205', 'Ñürüm', '01', '120501', 'Buenos Aires  (Cabecera)', 12, 73, 'COMARCA INDÍGENA NGOBE BUGLÉ'),
  (597, '12', 'COMARCA NGÄBE BUGLÉ', '05', '1205', 'Ñürüm', '02', '120502', 'Agua de Salud', 12, 73, 'COMARCA INDÍGENA NGOBE BUGLÉ'),
  (598, '12', 'COMARCA NGÄBE BUGLÉ', '05', '1205', 'Ñürüm', '03', '120503', 'Alto de Jesús', 12, 73, 'COMARCA INDÍGENA NGOBE BUGLÉ'),
  (599, '12', 'COMARCA NGÄBE BUGLÉ', '05', '1205', 'Ñürüm', '04', '120504', 'Cerro Pelado', 12, 73, 'COMARCA INDÍGENA NGOBE BUGLÉ'),
  (600, '12', 'COMARCA NGÄBE BUGLÉ', '05', '1205', 'Ñürüm', '05', '120505', 'El Bale', 12, 73, 'COMARCA INDÍGENA NGOBE BUGLÉ'),
  (601, '12', 'COMARCA NGÄBE BUGLÉ', '05', '1205', 'Ñürüm', '06', '120506', 'El Paredón', 12, 73, 'COMARCA INDÍGENA NGOBE BUGLÉ'),
  (602, '12', 'COMARCA NGÄBE BUGLÉ', '05', '1205', 'Ñürüm', '07', '120507', 'El Piro', 12, 73, 'COMARCA INDÍGENA NGOBE BUGLÉ'),
  (603, '12', 'COMARCA NGÄBE BUGLÉ', '05', '1205', 'Ñürüm', '08', '120508', 'Guayabito', 12, 73, 'COMARCA INDÍGENA NGOBE BUGLÉ'),
  (604, '12', 'COMARCA NGÄBE BUGLÉ', '05', '1205', 'Ñürüm', '09', '120509', 'Güibale', 12, 73, 'COMARCA INDÍGENA NGOBE BUGLÉ'),
  (605, '12', 'COMARCA NGÄBE BUGLÉ', '05', '1205', 'Ñürüm', '10', '120510', 'El Peñón', 12, 73, 'COMARCA INDÍGENA NGOBE BUGLÉ'),
  (606, '12', 'COMARCA NGÄBE BUGLÉ', '05', '1205', 'Ñürüm', '11', '120511', 'El Piro No.2', 12, 73, 'COMARCA INDÍGENA NGOBE BUGLÉ'),
  (607, '12', 'COMARCA NGÄBE BUGLÉ', '06', '1206', 'Kankintú', '01', '120601', 'Bisira  (Cabecera)', 12, 74, 'COMARCA INDÍGENA NGOBE BUGLÉ'),
  (608, '12', 'COMARCA NGÄBE BUGLÉ', '06', '1206', 'Kankintú', '04', '120604', 'Guoroni', 12, 74, 'COMARCA INDÍGENA NGOBE BUGLÉ'),
  (609, '12', 'COMARCA NGÄBE BUGLÉ', '06', '1206', 'Kankintú', '05', '120605', 'Kankintú', 12, 74, 'COMARCA INDÍGENA NGOBE BUGLÉ'),
  (610, '12', 'COMARCA NGÄBE BUGLÉ', '06', '1206', 'Kankintú', '06', '120606', 'Mününi', 12, 74, 'COMARCA INDÍGENA NGOBE BUGLÉ'),
  (611, '12', 'COMARCA NGÄBE BUGLÉ', '06', '1206', 'Kankintú', '07', '120607', 'Piedra Roja', 12, 74, 'COMARCA INDÍGENA NGOBE BUGLÉ'),
  (612, '12', 'COMARCA NGÄBE BUGLÉ', '06', '1206', 'Kankintú', '10', '120610', 'Calante', 12, 74, 'COMARCA INDÍGENA NGOBE BUGLÉ'),
  (613, '12', 'COMARCA NGÄBE BUGLÉ', '06', '1206', 'Kankintú', '11', '120611', 'Tolote', 12, 74, 'COMARCA INDÍGENA NGOBE BUGLÉ'),
  (614, '12', 'COMARCA NGÄBE BUGLÉ', '07', '1207', 'Kusapín', '01', '120701', 'Kusapín  (Cabecera)', 12, 75, 'COMARCA INDÍGENA NGOBE BUGLÉ'),
  (615, '12', 'COMARCA NGÄBE BUGLÉ', '07', '1207', 'Kusapín', '02', '120702', 'Bahía Azul', 12, 75, 'COMARCA INDÍGENA NGOBE BUGLÉ'),
  (616, '12', 'COMARCA NGÄBE BUGLÉ', '07', '1207', 'Kusapín', '05', '120705', 'Río Chiriquí', 12, 75, 'COMARCA INDÍGENA NGOBE BUGLÉ'),
  (617, '12', 'COMARCA NGÄBE BUGLÉ', '07', '1207', 'Kusapín', '06', '120706', 'Tobobe', 12, 75, 'COMARCA INDÍGENA NGOBE BUGLÉ'),
  (618, '12', 'COMARCA NGÄBE BUGLÉ', '07', '1207', 'Kusapín', '08', '120708', 'Cañaveral', 12, 75, 'COMARCA INDÍGENA NGOBE BUGLÉ'),
  (619, '12', 'COMARCA NGÄBE BUGLÉ', '08', '1208', 'Jirondai', '01', '120801', 'Samboa (Cabecera)', 12, 76, 'COMARCA INDÍGENA NGOBE BUGLÉ'),
  (620, '12', 'COMARCA NGÄBE BUGLÉ', '08', '1208', 'Jirondai', '02', '120802', 'Büri', 12, 76, 'COMARCA INDÍGENA NGOBE BUGLÉ'),
  (621, '12', 'COMARCA NGÄBE BUGLÉ', '08', '1208', 'Jirondai', '03', '120803', 'Guariviara', 12, 76, 'COMARCA INDÍGENA NGOBE BUGLÉ'),
  (622, '12', 'COMARCA NGÄBE BUGLÉ', '08', '1208', 'Jirondai', '04', '120804', 'Man Creek', 12, 76, 'COMARCA INDÍGENA NGOBE BUGLÉ'),
  (623, '12', 'COMARCA NGÄBE BUGLÉ', '08', '1208', 'Jirondai', '05', '120805', 'Tuwai', 12, 76, 'COMARCA INDÍGENA NGOBE BUGLÉ'),
  (624, '12', 'COMARCA NGÄBE BUGLÉ', '09', '1209', 'Santa Catalina o Calovébora ', '01', '120901', 'Santa Catalina o Calovébora (Cabecera)', 12, 77, 'COMARCA INDÍGENA NGOBE BUGLÉ'),
  (625, '12', 'COMARCA NGÄBE BUGLÉ', '09', '1209', 'Santa Catalina o Calovébora ', '02', '120902', 'Alto Bilingüe ', 12, 77, 'COMARCA INDÍGENA NGOBE BUGLÉ'),
  (626, '12', 'COMARCA NGÄBE BUGLÉ', '09', '1209', 'Santa Catalina o Calovébora ', '03', '120903', 'Loma Yuca', 12, 77, 'COMARCA INDÍGENA NGOBE BUGLÉ'),
  (627, '12', 'COMARCA NGÄBE BUGLÉ', '09', '1209', 'Santa Catalina o Calovébora ', '04', '120904', 'San Pedrito ', 12, 77, 'COMARCA INDÍGENA NGOBE BUGLÉ'),
  (628, '12', 'COMARCA NGÄBE BUGLÉ', '09', '1209', 'Santa Catalina o Calovébora ', '05', '120905', 'Valle Bonito', 12, 77, 'COMARCA INDÍGENA NGOBE BUGLÉ'),
  (629, '13', 'PANAMÁ OESTE', '01', '1301', 'Arraiján', '01', '130101', 'Arraiján (Cabecera)', 13, 78, 'PANAMÁ OESTE ARRAIJÁN'),
  (630, '13', 'PANAMÁ OESTE', '01', '1301', 'Arraiján', '02', '130102', 'Juan Demóstenes Arosemena', 13, 78, 'PANAMÁ OESTE ARRAIJÁN'),
  (631, '13', 'PANAMÁ OESTE', '01', '1301', 'Arraiján', '03', '130103', 'Nuevo Emperador', 13, 78, 'PANAMÁ OESTE ARRAIJÁN'),
  (632, '13', 'PANAMÁ OESTE', '01', '1301', 'Arraiján', '04', '130104', 'Santa Clara', 13, 78, 'PANAMÁ OESTE ARRAIJÁN'),
  (633, '13', 'PANAMÁ OESTE', '01', '1301', 'Arraiján', '05', '130105', 'Veracruz', 13, 78, 'PANAMÁ OESTE ARRAIJÁN'),
  (634, '13', 'PANAMÁ OESTE', '01', '1301', 'Arraiján', '06', '130106', 'Vista Alegre', 13, 78, 'PANAMÁ OESTE ARRAIJÁN'),
  (635, '13', 'PANAMÁ OESTE', '01', '1301', 'Arraiján', '07', '130107', 'Burunga', 13, 78, 'PANAMÁ OESTE ARRAIJÁN'),
  (636, '13', 'PANAMÁ OESTE', '01', '1301', 'Arraiján', '08', '130108', 'Cerro Silvestre', 13, 78, 'PANAMÁ OESTE ARRAIJÁN'),
  (637, '13', 'PANAMÁ OESTE', '03', '1303', 'Capira', '01', '130301', 'Capira (Cabecera)', 13, 79, 'PANAMÁ OESTE LA CHORRERA'),
  (638, '13', 'PANAMÁ OESTE', '03', '1303', 'Capira', '02', '130302', 'Caimito', 13, 79, 'PANAMÁ OESTE LA CHORRERA'),
  (639, '13', 'PANAMÁ OESTE', '03', '1303', 'Capira', '03', '130303', 'Campana', 13, 79, 'PANAMÁ OESTE LA CHORRERA'),
  (640, '13', 'PANAMÁ OESTE', '03', '1303', 'Capira', '04', '130304', 'Cermeño', 13, 79, 'PANAMÁ OESTE LA CHORRERA'),
  (641, '13', 'PANAMÁ OESTE', '03', '1303', 'Capira', '05', '130305', 'Cirí de Los Sotos', 13, 79, 'PANAMÁ OESTE LA CHORRERA'),
  (642, '13', 'PANAMÁ OESTE', '03', '1303', 'Capira', '06', '130306', 'Cirí Grande', 13, 79, 'PANAMÁ OESTE LA CHORRERA'),
  (643, '13', 'PANAMÁ OESTE', '03', '1303', 'Capira', '07', '130307', 'El Cacao', 13, 79, 'PANAMÁ OESTE LA CHORRERA'),
  (644, '13', 'PANAMÁ OESTE', '03', '1303', 'Capira', '08', '130308', 'La Trinidad', 13, 79, 'PANAMÁ OESTE LA CHORRERA'),
  (645, '13', 'PANAMÁ OESTE', '03', '1303', 'Capira', '09', '130309', 'Las Ollas Arriba', 13, 79, 'PANAMÁ OESTE LA CHORRERA'),
  (646, '13', 'PANAMÁ OESTE', '03', '1303', 'Capira', '10', '130310', 'Lídice', 13, 79, 'PANAMÁ OESTE LA CHORRERA'),
  (647, '13', 'PANAMÁ OESTE', '03', '1303', 'Capira', '11', '130311', 'Villa Carmen', 13, 79, 'PANAMÁ OESTE LA CHORRERA'),
  (648, '13', 'PANAMÁ OESTE', '03', '1303', 'Capira', '12', '130312', 'Villa Rosario', 13, 79, 'PANAMÁ OESTE LA CHORRERA'),
  (649, '13', 'PANAMÁ OESTE', '03', '1303', 'Capira', '13', '130313', 'Santa Rosa', 13, 79, 'PANAMÁ OESTE LA CHORRERA'),
  (650, '13', 'PANAMÁ OESTE', '04', '1304', 'Chame', '01', '130401', 'Chame (Cabecera)', 13, 80, 'PANAMÁ OESTE LA CHORRERA'),
  (651, '13', 'PANAMÁ OESTE', '04', '1304', 'Chame', '02', '130402', 'Bejuco', 13, 80, 'PANAMÁ OESTE LA CHORRERA'),
  (652, '13', 'PANAMÁ OESTE', '04', '1304', 'Chame', '03', '130403', 'Buenos Aires', 13, 80, 'PANAMÁ OESTE LA CHORRERA'),
  (653, '13', 'PANAMÁ OESTE', '04', '1304', 'Chame', '04', '130404', 'Cabuya', 13, 80, 'PANAMÁ OESTE LA CHORRERA'),
  (654, '13', 'PANAMÁ OESTE', '04', '1304', 'Chame', '05', '130405', 'Chicá', 13, 80, 'PANAMÁ OESTE LA CHORRERA'),
  (655, '13', 'PANAMÁ OESTE', '04', '1304', 'Chame', '06', '130406', 'El Líbano', 13, 80, 'PANAMÁ OESTE LA CHORRERA'),
  (656, '13', 'PANAMÁ OESTE', '04', '1304', 'Chame', '07', '130407', 'Las Lajas', 13, 80, 'PANAMÁ OESTE LA CHORRERA'),
  (657, '13', 'PANAMÁ OESTE', '04', '1304', 'Chame', '08', '130408', 'Nueva Gorgona', 13, 80, 'PANAMÁ OESTE LA CHORRERA'),
  (658, '13', 'PANAMÁ OESTE', '04', '1304', 'Chame', '09', '130409', 'Punta Chame', 13, 80, 'PANAMÁ OESTE LA CHORRERA'),
  (659, '13', 'PANAMÁ OESTE', '04', '1304', 'Chame', '10', '130410', 'Sajalices', 13, 80, 'PANAMÁ OESTE LA CHORRERA'),
  (660, '13', 'PANAMÁ OESTE', '04', '1304', 'Chame', '11', '130411', 'Sorá', 13, 80, 'PANAMÁ OESTE LA CHORRERA'),
  (661, '13', 'PANAMÁ OESTE', '07', '1307', 'La Chorrera', '01', '130701', 'Barrio Balboa', 13, 81, 'PANAMÁ OESTE LA CHORRERA'),
  (662, '13', 'PANAMÁ OESTE', '07', '1307', 'La Chorrera', '02', '130702', 'Barrio Colón', 13, 81, 'PANAMÁ OESTE LA CHORRERA'),
  (663, '13', 'PANAMÁ OESTE', '07', '1307', 'La Chorrera', '03', '130703', 'Amador', 13, 81, 'PANAMÁ OESTE LA CHORRERA'),
  (664, '13', 'PANAMÁ OESTE', '07', '1307', 'La Chorrera', '04', '130704', 'Arosemena', 13, 81, 'PANAMÁ OESTE LA CHORRERA'),
  (665, '13', 'PANAMÁ OESTE', '07', '1307', 'La Chorrera', '05', '130705', 'El Arado', 13, 81, 'PANAMÁ OESTE LA CHORRERA'),
  (666, '13', 'PANAMÁ OESTE', '07', '1307', 'La Chorrera', '06', '130706', 'El Coco', 13, 81, 'PANAMÁ OESTE LA CHORRERA'),
  (667, '13', 'PANAMÁ OESTE', '07', '1307', 'La Chorrera', '07', '130707', 'Feuillet', 13, 81, 'PANAMÁ OESTE LA CHORRERA'),
  (668, '13', 'PANAMÁ OESTE', '07', '1307', 'La Chorrera', '08', '130708', 'Guadalupe', 13, 81, 'PANAMÁ OESTE LA CHORRERA'),
  (669, '13', 'PANAMÁ OESTE', '07', '1307', 'La Chorrera', '09', '130709', 'Herrera', 13, 81, 'PANAMÁ OESTE LA CHORRERA'),
  (670, '13', 'PANAMÁ OESTE', '07', '1307', 'La Chorrera', '10', '130710', 'Hurtado', 13, 81, 'PANAMÁ OESTE LA CHORRERA'),
  (671, '13', 'PANAMÁ OESTE', '07', '1307', 'La Chorrera', '11', '130711', 'Iturralde', 13, 81, 'PANAMÁ OESTE LA CHORRERA'),
  (672, '13', 'PANAMÁ OESTE', '07', '1307', 'La Chorrera', '12', '130712', 'La Represa', 13, 81, 'PANAMÁ OESTE LA CHORRERA'),
  (673, '13', 'PANAMÁ OESTE', '07', '1307', 'La Chorrera', '13', '130713', 'Los Díaz', 13, 81, 'PANAMÁ OESTE LA CHORRERA'),
  (674, '13', 'PANAMÁ OESTE', '07', '1307', 'La Chorrera', '14', '130714', 'Mendoza', 13, 81, 'PANAMÁ OESTE LA CHORRERA'),
  (675, '13', 'PANAMÁ OESTE', '07', '1307', 'La Chorrera', '15', '130715', 'Obaldía', 13, 81, 'PANAMÁ OESTE LA CHORRERA'),
  (676, '13', 'PANAMÁ OESTE', '07', '1307', 'La Chorrera', '16', '130716', 'Playa Leona', 13, 81, 'PANAMÁ OESTE LA CHORRERA'),
  (677, '13', 'PANAMÁ OESTE', '07', '1307', 'La Chorrera', '17', '130717', 'Puerto Caimito', 13, 81, 'PANAMÁ OESTE LA CHORRERA'),
  (678, '13', 'PANAMÁ OESTE', '07', '1307', 'La Chorrera', '18', '130718', 'Santa Rita', 13, 81, 'PANAMÁ OESTE LA CHORRERA'),
  (679, '13', 'PANAMÁ OESTE', '09', '1309', 'San Carlos', '01', '130901', 'San Carlos (Cabecera)', 13, 82, 'PANAMÁ OESTE LA CHORRERA'),
  (680, '13', 'PANAMÁ OESTE', '09', '1309', 'San Carlos', '02', '130902', 'El Espino', 13, 82, 'PANAMÁ OESTE LA CHORRERA'),
  (681, '13', 'PANAMÁ OESTE', '09', '1309', 'San Carlos', '03', '130903', 'El Higo', 13, 82, 'PANAMÁ OESTE LA CHORRERA'),
  (682, '13', 'PANAMÁ OESTE', '09', '1309', 'San Carlos', '04', '130904', 'Guayabito', 13, 82, 'PANAMÁ OESTE LA CHORRERA'),
  (683, '13', 'PANAMÁ OESTE', '09', '1309', 'San Carlos', '05', '130905', 'La Ermita', 13, 82, 'PANAMÁ OESTE LA CHORRERA'),
  (684, '13', 'PANAMÁ OESTE', '09', '1309', 'San Carlos', '06', '130906', 'La Laguna', 13, 82, 'PANAMÁ OESTE LA CHORRERA'),
  (685, '13', 'PANAMÁ OESTE', '09', '1309', 'San Carlos', '07', '130907', 'Las Uvas', 13, 82, 'PANAMÁ OESTE LA CHORRERA'),
  (686, '13', 'PANAMÁ OESTE', '09', '1309', 'San Carlos', '08', '130908', 'Los Llanitos', 13, 82, 'PANAMÁ OESTE LA CHORRERA'),
  (687, '13', 'PANAMÁ OESTE', '09', '1309', 'San Carlos', '09', '130909', 'San José', 13, 82, 'PANAMÁ OESTE LA CHORRERA');

COMMIT;
